date,World,Algeria,Angola,Bahrain,Canada,China,Congo-Brazzaville,Ecuador,Egypt,Gabon,Iran,Iraq,Kuwait,Libya,Mexico,Nigeria,Norway,Qatar,Saudi Arabia,United Arab Emirates,United Kingdom,United States,Venezuela
01/01/73,54389.0,1142,162,75,1778,1012,35,230.0,192.998,150,5808,1527,3768,2293,453,1936,36.773,581,6876,1416,2,9175.935,3272
02/01/73,54930.0,1142,162,69,1792,1012,35,230.0,191.087,150,5835,1687,3340,2250,458,1944,25.841,613,7194,1597,2,9395.214,3309
03/01/73,54995.0,1142,162,70,1826,1012,35,225.0,196.82,150,5832,2044,2753,2287,458,1933,39.755,604,7481,1548,2,9271.935,3330
04/01/73,55049.0,1142,162,69,1787,1012,35,120.0,206.374,150,5769,2152,2699,2318,463,1963,26.835,591,7359,1602,2,9291.9,3360
05/01/73,56323.0,1153,162,68,1721,1012,35,160.0,206.374,150,5842,2117,2827,2251,468,1957,37.767,586,8316,1613,2,9262.387,3426
06/01/73,55711.0,1153,162,70,1889,1012,35,200.0,200.642,150,5826,2051,2857,2276,468,2007,37.767,560,7553,1537,2,9213.933,3383
07/01/73,57420.0,1142,162,68,1803,1062,35,220.0,224.528,150,5873,2099,3283,2176,463,2000,33.792,606,8682,1613,2,9217.129,3391
08/01/73,56750.0,1142,162,68,1799,1062,35,220.0,224.528,150,5701,2091,3012,2096,463,2110,33.792,568,8423,1674,2,9168.548,3396
09/01/73,57744.0,1142,162,68,1735,1062,35,220.0,224.528,150,5792,2166,3483,2273,463,2112,33.792,609,8532,1660,2,9065.3,3406
10/01/73,56614.0,1059,162,71,1802,1180,35,220.0,57.326,150,5977,1846,3060,2370,473,2200,36.773,600,7796,1669,2,9223.871,3381
11/01/73,53866.0,914,162,70,1821,1180,35,220.0,28.663,150,6008,2203,2617,1756,473,2210,36.773,474,6267,1297,2,9160.967,3395
12/01/73,54277.0,893,162,70,1825,1450,35,240.0,28.663,150,6070,2215,2558,1759,473,2266,3.975,456,6614,1171,2,9063.226,3340
01/01/74,55474.0,1046,169,69,1676,1165,61,240.0,84.117,202,6100,1994,2839,2007,497,2194,2.018,517,7513,1388,2,8933.871,3284
02/01/74,55943.0,1067,169,68,1675,1165,61,240.0,84.117,202,6154,1975,2850,1921,497,2194,25.221,516,7796,1511,2,9142.214,3230
03/01/74,56375.0,1067,169,67,1709,1165,61,250.0,115.662,202,6122,1986,2842,1859,533,2299,17.15,517,8131,1736,2,8965.387,3189
04/01/74,57110.0,1089,169,66,1644,1165,61,255.0,105.147,202,6172,2164,2837,1713,543,2284,13.115,518,8654,1854,2,8953.967,3053
05/01/74,57279.0,1089,169,65,1573,1219,61,240.0,157.72,202,6179,1753,2846,1926,543,2259,30.265,518,9014,1856,2,8910.581,2939
06/01/74,56858.0,1035,169,66,1528,1219,61,240.0,168.235,202,6060,1851,2870,1753,589,2345,38.336,519,8885,1821,2,8780.233,2953
07/01/74,55765.0,980,169,66,1522,1219,61,100.0,168.235,202,6061,1905,2287,1564,615,2205,47.416,519,8783,1933,2,8780.129,2949
08/01/74,54302.0,1035,169,65,1493,1219,61,120.0,178.75,202,5953,1938,2069,1258,594,2308,47.416,515,8275,1779,2,8698.871,2868
09/01/74,54841.0,980,169,66,1467,1219,61,125.0,180.853,202,5833,1871,2226,1309,594,2321,50.442,514,8763,1704,2,8442.933,2778
10/01/74,55013.0,980,169,67,1451,1625,61,105.0,184.007,202,5717,1991,2061,1056,615,2334,44.389,524,9052,1489,2,8611.258,2818
11/01/74,55088.0,871,169,66,1334,1625,61,70.0,184.007,202,6012,1921,2547,949,615,2247,57.504,518,8812,1530,2,8568.8,2826
12/01/74,54596.0,871,169,66,1544,1761,61,145.0,184.007,202,5912,2301,2321,963,615,2071,46.407,518,8053,1536,2,8526.516,2841
01/01/75,52420.0,786,165,66,1558,1335,37,140.0,191.604,223,5544,2066,2030,956,660,1991,23.976,512,7839,1088,1,8454.968,2747
02/01/75,51408.0,786,165,65,1469,1335,37,178.0,191.604,223,5900,1941,2155,894,671,1807,76.924,500,6754,1007,1,8591.143,2565
03/01/75,51326.0,1010,165,68,1352,1335,37,25.0,191.604,223,5513,2093,2321,928,673,1718,122.879,428,6550,1424,1,8493.452,2535
04/01/75,50946.0,1010,165,62,1197,1335,37,208.0,191.604,223,5456,2414,2143,1071,673,1535,149.852,515,5917,1660,1,8456.6,2490
05/01/75,51181.0,898,165,62,1197,1335,37,143.0,208.027,223,5094,2364,1924,1271,693,1551,149.852,469,6989,1678,1,8378.774,2394
06/01/75,52475.0,1010,165,62,1468,1335,37,140.0,208.027,223,5126,2261,2222,1494,732,1621,218.784,329,6818,1897,7,8420.8,2439
07/01/75,53856.0,1010,165,62,1468,1591,37,145.0,251.822,223,5437,2377,2106,2067,781,1631,255.748,261,6980,2023,12,8335.742,2336
08/01/75,55017.0,1010,165,59,1472,1591,37,193.0,254.012,223,5508,2390,1956,2061,686,1760,218.784,411,8208,1829,15,8248.774,2285
09/01/75,56741.0,1010,165,59,1527,1591,37,186.0,251.822,223,6104,2541,2708,1763,703,1926,300.704,279,8407,1834,9,8279.633,2316
10/01/75,51389.0,1010,165,58,1434,1694,37,181.0,251.822,223,4730,2485,1579,1625,712,1914,261.742,393,5869,1632,10,8324.419,2244
11/01/75,53192.0,1122,165,57,1451,1694,37,204.0,295.617,223,4995,2120,1785,1760,732,1956,229.773,554,6947,2010,12,8277.867,2045
12/01/75,53916.0,1122,165,57,1571,1694,37,192.0,328.464,223,4854,2070,2099,1818,742,1986,252.751,608,7585,1845,71,8253.548,1771
01/01/76,53133.0,1071,108,58,1288,1667,39,175.0,325.237,223,4940,2044,1806,1748,774,1996,263.933,496,7464,1902,117,8231.774,1675
02/01/76,54565.0,1071,108,59,1217,1516,39,185.0,304.91,223,5018,2245,2004,1829,774,2067,278.929,482,7969,1902,117,8231.207,2002
03/01/76,55927.0,1071,108,59,1203,1541,39,215.0,320.156,223,5744,2413,1758,1853,774,2015,267.932,508,8365,1872,127,8232.194,2289
04/01/76,54905.0,1071,108,60,1117,1667,39,200.0,320.156,223,5502,1609,1888,1921,785,2061,195.95,496,8270,1873,142,8077.0,2401
05/01/76,55140.0,1071,108,61,1328,1667,39,205.0,320.156,223,5600,1385,1642,1958,805,2079,168.957,507,8450,1874,188,8124.516,2410
06/01/76,56950.0,1071,108,61,1451,1667,39,115.0,320.156,223,6102,2011,1848,1981,852,2092,281.928,505,8526,1944,203,8094.433,2371
07/01/76,57293.0,1017,108,60,1259,1667,39,115.0,330.319,223,5576,2402,1851,1989,857,2046,318.919,502,8971,1947,259,8127.161,2481
08/01/76,57699.0,1017,108,59,1244,1667,39,200.0,335.401,223,5823,2681,1897,2013,857,1934,324.917,528,8738,1962,259,8110.613,2447
09/01/76,58596.0,1017,108,60,1262,1667,39,215.0,345.565,223,6461,2681,2378,2008,857,2044,309.921,466,8323,1979,307,8149.633,2429
10/01/76,60391.0,1071,108,62,1360,1768,39,200.0,345.565,223,6507,2904,2652,1987,878,2110,348.911,474,9236,2024,330,8063.29,2364
11/01/76,60955.0,1178,108,62,1347,1768,39,215.0,345.565,223,6677,3239,2691,1885,878,2177,239.939,489,9394,1954,406,8079.6,2264
12/01/76,62462.0,1178,108,62,1683,1768,39,210.0,345.565,223,6630,3351,3325,2020,878,2187,344.912,510,9185,1998,482,8060.613,2388
01/01/77,56833.0,1230,194,57,1289,1841,33,219.698,348.088,222,5059,2000,1480,2038,886,2193,346.356,460,8609,1924,532,7854.129,2380
02/01/77,60649.0,1230,194,58,1348,1841,33,209.725,348.088,222,6052,2631,2015,2072,935,2192,336.346,407,9634,2038,643,8138.929,2332
03/01/77,61144.0,1195,194,57,1329,1841,33,159.862,382.897,222,6275,2421,1981,2068,935,2254,319.328,496,9890,2003,720,8089.613,2367
04/01/77,60186.0,1230,194,56,1223,1841,33,179.807,421.684,222,5412,2210,2046,2129,955,2254,237.244,431,10198,2058,718,8144.9,2180
05/01/77,58262.0,1118,194,56,1312,1841,33,179.807,432.624,222,5741,2316,1488,2138,965,2206,146.15,390,8507,2044,836,8074.742,2125
06/01/77,59158.0,1118,194,57,1411,1841,33,199.752,442.569,222,5104,2316,1660,2093,985,2096,205.211,415,9634,2034,827,8101.933,2230
07/01/77,58028.0,1006,194,56,1162,1852,33,154.875,442.569,222,4713,2105,1603,1896,983,2061,219.225,398,9839,2040,768,8104.645,2209
08/01/77,58854.0,1006,194,55,1325,1852,33,189.78,442.569,222,5660,2105,1846,2120,994,2016,273.281,512,8711,1927,821,8306.774,2284
09/01/77,60089.0,1006,194,54,1244,1894,33,149.889,434.613,222,5972,2526,2397,2044,1001,2023,263.27,332,8711,1994,849,8479.733,2366
10/01/77,59961.0,1230,194,54,1242,1947,33,179.807,424.667,222,5531,2526,1921,2115,1018,1946,303.312,530,8711,2016,840,8573.419,2350
11/01/77,61113.0,1230,194,56,1431,1947,33,179.807,427.651,222,6086,2526,2466,2075,1044,1915,321.33,486,8968,1928,806,8579.267,2074
12/01/77,62350.0,1230,194,56,1541,1947,33,199.752,427.651,222,6385,2526,2751,1972,1068,1872,391.402,476,9583,1987,851,8487.0,1965
01/01/78,56705.0,1125,131,54,1254,2009,33,175.0,440.946,209,5327,2047,1757,1761,1108,1620,392.214,456,7828,1733,885,8359.677,1802
02/01/78,58208.0,1125,131,53,1338,2009,33,169.0,450.968,209,5567,2437,1774,1802,1121,1549,382.209,483,8446,1878,945,8376.571,1640
03/01/78,58717.0,1125,131,53,1333,2009,33,192.0,476.022,209,5639,2437,2181,1884,1101,1505,357.195,428,7725,1854,874,8720.129,2085
04/01/78,59610.0,1125,131,52,1124,2064,33,227.0,481.033,209,5648,2437,2033,1877,1140,1862,365.199,515,8034,1761,981,8817.533,2251
05/01/78,58596.0,1125,131,51,1179,2064,33,205.0,481.033,209,5742,2340,1890,1924,1152,1702,344.188,381,7313,1876,1108,8825.258,2038
06/01/78,59981.0,1125,131,50,1524,2064,33,203.0,481.033,209,5801,2340,1984,1991,1169,1975,269.147,456,7519,1848,1114,8832.467,2372
07/01/78,59555.0,1125,131,49,1160,2064,33,227.0,501.076,209,5842,2340,1978,2094,1207,1893,358.196,486,7416,1834,1092,8756.194,2309
08/01/78,60357.0,1378,131,51,1283,2064,33,180.0,501.076,209,5846,2583,2394,2024,1241,2038,376.206,547,7107,1839,1104,8758.129,2206
09/01/78,62477.0,1378,131,51,1238,2118,33,205.0,501.076,209,6093,2827,2637,2014,1269,2086,366.2,517,8343,1834,1088,8800.333,2275
10/01/78,62906.0,1378,131,51,1363,2172,33,207.0,501.076,209,5528,2924,2091,2046,1299,2091,351.192,510,9270,1840,1156,8820.0,2328
11/01/78,63054.0,1378,131,51,1490,2172,33,225.0,501.076,209,3517,3022,2682,2171,1327,2252,355.194,477,10249,1832,1282,8741.1,2272
12/01/78,61691.0,1378,131,50,1512,2172,33,205.0,501.076,209,2387,3022,2163,2194,1368,2176,355.194,588,10403,1844,1350,8661.548,2367
01/01/79,60148.0,1223,147,49,1437,2093,57,235.0,522.398,203,729,3325,2616,2125,1395,2423,364.46,556,9789,1832,1499,8474.71,2342
02/01/79,60473.0,1362,147,49,1559,2093,57,225.0,522.398,203,729,3325,2616,2165,1395,2423,364.46,556,9789,1830,1499,8525.357,2342
03/01/79,61633.0,1362,147,49,1544,2093,57,225.0,522.398,203,2448,3325,2275,2174,1399,2430,357.47,369,9789,1819,1334,8601.129,2422
04/01/79,62870.0,1362,147,49,1499,2143,57,215.0,518.219,203,4167,3325,2559,2090,1395,2411,392.418,544,8758,1748,1453,8553.1,2380
05/01/79,62667.0,1362,147,49,1451,2093,57,220.0,505.681,203,4063,3325,2616,2056,1400,2445,377.441,544,8758,1859,1636,8601.0,2377
06/01/79,62919.0,1362,147,49,1516,2093,57,220.0,506.726,203,4063,3527,2616,2049,1411,2395,355.473,458,8758,1860,1736,8431.633,2246
07/01/79,63552.0,1112,147,49,1507,2093,57,175.0,506.726,203,3958,3527,2587,2053,1436,2346,375.444,521,9789,1836,1699,8363.806,2326
08/01/79,63425.0,1112,147,49,1438,2093,57,215.0,511.95,203,3646,3527,2559,2021,1452,2326,414.386,535,9789,1831,1629,8547.774,2324
09/01/79,63183.0,1112,147,49,1478,2093,57,215.0,522.398,203,3646,3527,2502,2061,1471,2112,475.296,455,9789,1838,1667,8523.1,2358
10/01/79,63629.0,1112,147,49,1534,2192,57,215.0,522.398,203,3958,3527,2445,2063,1509,2026,356.472,490,9789,1784,1609,8621.161,2354
11/01/79,63954.0,1112,147,49,1513,2192,57,210.0,564.19,203,3438,3728,2388,2130,1615,2146,499.26,528,9789,1866,1514,8760.6,2389
12/01/79,63490.0,1112,147,50,1532,2192,57,200.0,574.638,203,3021,3728,2235,2124,1652,2147,503.254,544,9789,1874,1538,8614.516,2407
01/01/80,62348.011,1306,150,51,1507,2095,65,215.0,551.0,175,2605,3336,2216,2103,1721,2147,532.0,502,9767,1740,1609,8675.0,2281
02/01/80,62715.757,1306,150,50,1491,2095,65,210.0,581.0,175,2832,3336,2440,2103,1723,2147,570.0,457,9767,1737,1660,8705.0,2206
03/01/80,61647.494,1306,150,50,1513,2095,65,175.0,597.0,175,2265,3336,2122,2003,1829,2153,516.0,498,9767,1697,1686,8698.0,1989
04/01/80,60391.36,1088,150,50,1383,2095,65,230.0,599.0,175,2039,3336,1541,1752,1887,2186,497.0,498,9767,1706,1552,8685.0,2052
05/01/80,59778.782,1088,150,50,1468,2095,65,210.0,599.0,175,1472,3336,1480,1702,1910,2138,513.0,477,9767,1762,1627,8635.0,2047
06/01/80,60008.624,1088,150,50,1522,2095,65,210.0,599.0,175,1699,3336,1579,1702,1906,2192,509.0,441,9767,1746,1597,8554.0,2060
07/01/80,59608.899,980,150,50,1502,2145,65,205.0,599.0,175,1699,3240,1335,1682,2014,2098,246.0,460,9767,1710,1587,8547.0,2171
08/01/80,59446.012,980,150,45,1472,2145,65,220.0,574.0,175,1472,3240,1374,1692,1999,2047,502.0,468,9767,1665,1535,8414.0,2211
09/01/80,58297.803,980,150,45,1385,2145,65,165.0,574.0,175,1246,2764,1258,1682,2124,1598,461.0,461,9767,1671,1541,8619.0,2191
10/01/80,55842.496,1088,150,46,1271,2120,65,210.0,604.0,175,510,143,1318,1667,2182,1877,487.0,440,10199,1671,1574,8532.0,2228
11/01/80,56668.926,1088,150,46,1388,2120,65,205.0,624.0,175,793,286,1438,1682,1901,2059,494.0,475,10414,1695,1734,8495.0,2231
12/01/80,58047.975,980,150,46,1322,2120,65,195.0,634.0,175,1359,524,1797,1682,2027,2016,509.0,483,10281,1706,1762,8606.0,2351
01/01/81,57891.773,1111,130,47,1391,2020,83,215.0,580.0,151,1243,436,1837,1652,2220,2092,505.0,507,10180,1579,1755,8540.0,2214
02/01/81,58156.649,1111,130,46,1390,2020,83,225.0,580.0,151,1554,763,1550,1704,2121,1943,509.0,482,10180,1564,1797,8604.0,2189
03/01/81,58809.342,1111,130,46,1282,2020,83,220.0,625.0,151,1864,1046,1515,1642,2367,1868,492.0,507,9976,1568,1887,8613.0,2229
04/01/81,57803.815,1049,130,47,1329,2020,83,200.0,595.0,151,1657,872,959,1652,2539,1623,483.0,513,10180,1619,1864,8557.0,2194
05/01/81,56994.195,1049,130,47,1250,2020,83,200.0,570.0,151,1657,1019,1019,1446,2546,1293,527.0,436,10180,1486,1727,8501.0,2169
06/01/81,56310.517,987,130,47,1233,2020,83,210.0,560.0,151,1450,1090,1079,1136,2559,1350,560.0,342,10180,1397,1765,8629.0,1985
07/01/81,55016.126,987,130,44,1272,2010,83,200.0,555.0,151,1450,981,1234,723,2098,773,521.0,378,10282,1377,1750,8500.0,1755
08/01/81,54079.566,987,130,44,1233,2010,83,220.0,590.0,151,1243,1090,755,620,2262,707,321.0,295,10384,1443,1759,8583.0,1955
09/01/81,54190.514,925,130,44,1267,2010,83,215.0,635.0,151,1243,1090,809,620,2479,1061,445.0,363,9264,1426,1828,8604.0,2092
10/01/81,54556.342,925,130,47,1119,2000,83,220.0,635.0,151,932,1090,959,723,2489,1250,377.0,363,9671,1440,1847,8563.0,1975
11/01/81,53982.612,925,130,47,1281,2000,83,210.0,625.0,151,1036,1199,929,774,2091,1460,501.0,340,8653,1331,1842,8586.0,2224
12/01/81,54949.157,864,130,47,1379,2000,83,200.0,630.0,151,1243,1308,875,1033,1982,1820,459.0,342,8653,1463,1913,8585.0,2254
01/01/82,54696.333,916,122,46,1252,2045,89,200.0,650.0,156,1219,1439,864,860,2314,1745,519.0,402,8659,1407,1907,8509.0,1989
02/01/82,54057.656,916,122,46,1309,2045,89,210.0,650.0,156,1108,1550,864,669,2552,1406,506.0,374,8353,1399,1895,8702.0,1734
03/01/82,52235.578,844,122,45,1214,2045,89,215.0,650.0,156,1330,1218,741,669,2544,937,507.0,309,7335,1378,1969,8667.0,1834
04/01/82,50937.234,903,122,45,955,2045,89,190.0,662.0,156,1663,886,679,765,2780,884,527.0,231,6621,1246,2100,8591.0,1533
05/01/82,51782.807,942,122,45,1171,2045,89,200.0,662.0,156,2217,886,741,860,2713,1314,474.0,321,6010,1197,2081,8683.0,1503
06/01/82,53723.825,982,122,44,1341,2045,89,210.0,662.0,156,2438,886,803,1147,2790,1656,446.0,407,6621,1228,2060,8646.0,1513
07/01/82,53304.037,982,122,44,1265,2045,89,220.0,672.0,156,2438,886,864,1243,2788,1265,487.0,274,6316,1228,2087,8658.0,1844
08/01/82,53226.077,903,122,43,1332,2045,89,215.0,667.0,156,2549,886,988,1243,2793,1111,494.0,340,6010,1228,2045,8634.0,1964
09/01/82,53081.15,1047,122,43,1287,2045,89,215.0,657.0,156,2549,886,864,1434,2830,1170,439.0,286,5603,1228,2149,8701.0,1994
10/01/82,54797.282,1178,122,42,1340,2045,89,220.0,677.0,156,2771,886,864,1625,2900,1489,396.0,380,5603,1228,2181,8701.0,2165
11/01/82,55385.984,1178,122,42,1456,2045,89,220.0,702.0,156,3103,886,864,1625,2939,1361,548.0,309,5603,1228,2143,8697.0,2305
12/01/82,54251.558,1047,122,42,1334,2045,89,215.0,727.0,156,3103,886,741,1625,3027,1209,567.0,327,5195,1017,2153,8598.0,2338
01/01/83,52762.757,998,123,42,1205,2085,87,215.0,731.0,157,2716,850,780,1130,2983,880,542.0,255,4950,1062,2135,8697.0,2098
02/01/83,49812.05,849,153,42,1333,2110,87,230.0,741.0,157,2414,850,895,925,2298,675,625.0,200,3510,1062,2315,8758.0,1791
03/01/83,50735.958,849,163,42,1366,2110,87,230.0,741.0,157,2213,900,965,925,2418,905,615.0,170,3910,1037,2265,8700.0,2093
04/01/83,50958.936,998,164,42,1234,2120,87,230.0,756.0,157,2012,950,880,1030,2673,1150,605.0,260,3930,1147,2170,8776.0,1726
05/01/83,52658.767,849,164,42,1293,2120,87,230.0,756.0,157,2313,1000,1030,1130,2798,1625,605.0,275,4725,1177,2235,8631.0,1695
06/01/83,52868.746,998,189,42,1475,2120,87,225.0,771.0,157,2514,1000,920,1130,2778,1535,631.0,300,4620,1182,2045,8667.0,1700
07/01/83,54651.57,998,189,42,1450,2120,87,235.0,696.0,157,2816,1050,1086,1130,2688,1710,657.0,300,5536,1177,2280,8636.0,1705
08/01/83,54498.585,998,189,42,1392,2130,87,250.0,709.0,157,2514,1100,1181,1130,2778,1300,566.0,265,5931,1187,2290,8679.0,1741
09/01/83,55152.519,998,189,42,1406,2130,87,250.0,711.0,157,2716,1050,1376,1180,2738,1220,595.0,310,6026,1187,2385,8784.0,1736
10/01/83,54891.545,998,190,42,1362,2130,87,250.0,716.0,157,2414,1100,1305,1180,2663,1290,639.0,320,6005,1167,2355,8771.0,1750
11/01/83,55259.509,998,205,42,1387,2130,87,250.0,691.0,157,2313,1150,1265,1180,2733,1245,643.0,460,5915,1197,2490,8770.0,1781
12/01/83,54454.589,998,205,42,1372,2130,87,250.0,711.0,157,2313,1050,1075,1180,2693,1310,656.0,420,5825,1197,2530,8397.0,1786
01/01/84,54571.0,606,204,42,1503,2292,117,244.0,788.0,146,2100,1100,920,1150,2614,1350,691.0,441,5100,1281,2520,8867.806,1710
02/01/84,54571.0,606,204,42,1578,2292,117,244.0,788.0,146,2400,950,920,1100,2703,1543,641.0,317,4900,1251,2590,8874.379,1710
03/01/84,54190.0,606,204,42,1608,2292,117,244.0,788.0,156,2300,1100,920,1100,2657,1453,636.0,438,4600,1286,2470,8671.903,1725
04/01/84,54780.0,688,204,42,1563,2292,117,244.0,798.0,146,2300,1100,920,1100,2646,1353,671.0,366,5000,1296,2470,8862.4,1710
05/01/84,54231.0,688,204,42,1548,2292,117,254.0,798.0,151,1800,1200,870,1100,2784,1193,671.0,424,4800,1231,2440,8955.355,1710
06/01/84,55441.0,688,204,42,1603,2292,117,264.0,798.0,156,2300,1200,990,1100,2823,1293,671.0,509,5250,1256,2340,8852.333,1710
07/01/84,54532.0,688,204,42,1648,2292,117,264.0,818.0,161,2500,1200,920,1000,2791,1137,681.0,416,4500,1211,2440,8884.903,1770
08/01/84,53074.0,688,204,42,1568,2292,117,264.0,818.0,161,1800,1300,920,1100,2625,1143,711.0,439,4200,1041,2290,8809.387,1714
09/01/84,53402.0,688,204,42,1463,2292,117,264.0,838.0,166,1900,1300,920,1000,2653,1449,731.0,468,3700,1116,2420,8993.267,1710
10/01/84,53829.0,606,204,42,1593,2292,117,264.0,853.0,171,2100,1150,970,1100,2619,1514,783.0,407,3900,1166,2590,8905.645,1700
11/01/84,53888.0,606,204,42,1593,2292,117,264.0,863.0,171,2400,1270,920,1050,2646,1549,798.0,296,3800,1096,2580,8978.567,1700
12/01/84,53594.0,606,204,42,1578,2292,117,264.0,863.0,171,2200,1300,920,1050,2646,1690,801.0,296,3600,1238,2610,8896.677,1700
01/01/85,52576.0,1035,210,42,1584,2475,120,262.0,890.0,172,1943,1250,1118,1000,2645,1423,701.0,270,3510,1100,2755,8740.0,1673
02/01/85,54053.0,1065,210,41,1630,2475,120,273.0,925.0,172,2148,1250,1133,1000,2695,1718,691.0,290,4025,1160,2625,9025.0,1678
03/01/85,54341.0,1111,210,42,1684,2475,120,283.0,935.0,172,2250,1200,1092,1000,2820,1728,740.0,315,3835,1215,2575,9095.0,1683
04/01/85,53898.0,1050,230,43,1583,2505,120,283.0,915.0,172,2352,1370,977,1000,2835,1626,750.0,260,3470,1215,2610,9043.0,1678
05/01/85,52518.0,1050,230,43,1635,2505,120,283.0,855.0,172,2046,1300,946,1100,2800,1474,750.0,290,2590,1160,2520,9132.0,1688
06/01/85,51066.0,965,205,42,1631,2505,120,252.0,855.0,172,2250,1370,926,980,2565,1118,637.0,300,2420,1100,2430,9022.0,1673
07/01/85,52016.0,965,220,42,1648,2515,120,283.0,890.0,172,2250,1450,946,910,2630,1016,808.0,320,2740,1155,2365,8949.0,1673
08/01/85,51879.0,965,240,44,1615,2515,120,283.0,905.0,172,2454,1400,946,910,2805,1220,789.0,320,2340,1200,2195,8803.0,1673
09/01/85,53790.0,1045,240,41,1616,2515,120,293.0,900.0,172,2250,1600,987,1100,2825,1474,833.0,295,2980,1285,2575,8954.0,1673
10/01/85,55449.0,1045,260,44,1653,2525,120,293.0,860.0,172,2352,1650,1062,1200,2760,1728,843.0,320,3910,1255,2645,8970.0,1673
11/01/85,55978.0,1095,280,41,1703,2525,120,293.0,860.0,172,2250,1700,1057,1200,2805,1789,892.0,300,4200,1250,2655,8902.0,1678
12/01/85,56199.0,1045,240,44,1685,2525,120,293.0,860.0,172,2454,1650,1087,1300,2750,1646,831.0,335,4680,1225,2420,9030.0,1683
01/01/86,55379.0,1072,262,45,1634,2576,119,305.0,850.0,166,2275,1650,1115,1100,2515,1197,822.0,333,4310,1179,2656,9137.0,1730
02/01/86,55363.0,1072,262,43,1516,2576,119,305.0,850.0,166,2166,1650,1315,900,2129,1397,837.0,301,4551,1369,2715,9173.0,1730
03/01/86,54824.0,1072,272,42,1488,2576,119,315.0,790.0,166,1950,1650,1516,900,2225,1597,861.0,324,3972,1321,2700,9013.0,1730
04/01/86,54867.0,1072,272,41,1594,2576,119,320.0,790.0,166,2166,1500,1521,900,2365,1697,324.0,167,4556,1274,2571,8864.0,1730
05/01/86,56062.0,1072,282,43,1650,2576,119,320.0,835.0,166,2275,1710,1511,1100,2535,1597,813.0,333,4208,1416,2536,8838.0,1730
06/01/86,56852.0,1072,287,42,1769,2576,119,320.0,745.0,166,2275,1800,1651,1200,2555,1536,832.0,398,5068,1511,2190,8623.0,1755
07/01/86,57990.0,1072,292,41,1759,2576,119,320.0,595.0,166,2220,1800,1806,1150,2545,1552,909.0,371,5700,1511,2599,8660.0,1770
08/01/86,58718.0,1072,292,44,1727,2576,119,280.0,770.0,166,1841,1800,1734,1150,2575,1761,909.0,371,6209,1539,2589,8374.0,2115
09/01/86,54733.0,1072,287,47,1694,2641,119,235.0,905.0,166,1625,1800,1118,990,2380,1297,856.0,259,4651,1274,2549,8328.0,1760
10/01/86,55042.0,1072,292,47,1747,2641,119,230.0,790.0,166,1625,1800,1130,1000,2330,1322,909.0,278,4855,1283,2564,8419.0,1750
11/01/86,55895.0,1072,292,46,1647,2776,119,285.0,925.0,166,1841,1605,1350,1000,2460,1322,992.0,278,5164,1132,2467,8412.0,1780
12/01/86,56113.0,1072,292,46,1673,2776,119,285.0,920.0,166,2166,1510,1250,1000,2575,1322,1021.0,278,5164,1151,2338,8352.0,1855
01/01/87,55477.0,1032,304,42,1692,2690,123,274.0,899.0,155,2463,1650,1456,950,2518,1291,1057.0,275,4004,1235,2565,8480.0,1671
02/01/87,54751.0,1032,319,42,1680,2690,123,264.0,885.0,155,2368,1670,1357,950,2548,1191,1000.0,241,3868,1215,2497,8389.0,1671
03/01/87,54022.0,1032,309,42,1676,2690,123,46.0,848.0,155,2368,1700,1287,850,2528,1281,978.0,193,3300,1195,2445,8464.0,1807
04/01/87,54610.0,1032,309,41,1634,2690,123,0.0,923.0,155,2179,1900,1310,925,2538,1183,1031.0,145,4030,1235,2465,8498.0,1701
05/01/87,55381.0,1032,350,44,1709,2690,123,41.0,913.0,155,2463,1900,1269,930,2563,1348,1020.0,270,4197,1265,2464,8336.0,1726
06/01/87,55200.0,1032,365,43,1802,2690,123,41.0,898.0,155,2368,2000,1374,950,2538,1413,852.0,338,4238,1435,1881,8279.0,1766
07/01/87,57665.0,1110,360,45,1810,2690,123,51.0,923.0,155,2368,1950,2063,1100,2528,1413,1007.0,434,4602,1605,2416,8251.0,1887
08/01/87,58390.0,1110,360,41,1834,2690,123,183.0,898.0,155,2558,2200,2063,1200,2553,1401,804.0,405,4755,1855,2382,8210.0,1796
09/01/87,57787.0,1110,371,42,1680,2690,123,253.0,898.0,155,1989,2300,2026,900,2568,1351,1031.0,319,4653,1995,2387,8205.0,1746
10/01/87,58012.0,1110,386,44,1661,2690,123,314.0,898.0,155,2273,2500,1601,1000,2563,1401,1007.0,309,4638,1895,2430,8364.0,1751
11/01/87,57541.0,1110,437,41,1677,2690,123,314.0,873.0,155,2084,2550,1619,950,2568,1451,1021.0,290,4248,1895,2460,8397.0,1746
12/01/87,57612.0,1110,448,42,1724,2690,123,314.0,898.0,155,2084,2600,1572,950,2568,1351,983.0,290,4612,1645,2474,8318.0,1746
01/01/88,56755.0,1025,439,43,1644,2712,144,293.0,895.0,159,2082,2588,1373,1147,2566,1360,1115.0,363,4155,1174,2524,8250.0,1853
02/01/88,56884.0,1045,448,42,1793,2712,144,303.0,845.0,159,1983,2639,1239,1147,2536,1410,1110.0,427,4322,1028,2519,8374.0,1853
03/01/88,57284.0,1005,451,43,1848,2712,144,303.0,855.0,159,2082,2689,1244,1147,2521,1360,1148.0,318,4332,1223,2519,8374.0,1853
04/01/88,57635.0,1035,451,44,1753,2712,144,303.0,845.0,159,2181,2689,1342,1086,2496,1415,1164.0,318,4470,1389,2509,8288.0,1853
05/01/88,57259.0,1035,451,44,1825,2692,144,303.0,825.0,159,2181,2639,1249,1147,2531,1465,1100.0,318,4484,1369,2367,8229.0,1853
06/01/88,57022.0,1035,451,44,1814,2692,144,303.0,845.0,159,2082,2740,1456,1147,2536,1465,876.0,323,4582,1369,2003,8170.0,1853
07/01/88,57327.0,1035,451,43,1878,2692,144,303.0,845.0,159,2280,2639,1420,1147,2536,1410,1139.0,323,4641,1394,2087,8040.0,1853
08/01/88,58457.0,1035,451,43,1871,2697,144,303.0,845.0,159,2280,2639,1621,1147,2536,1460,1022.0,323,5177,1857,2052,8079.0,1853
09/01/88,58944.0,1035,451,44,1798,2767,144,303.0,840.0,159,2380,2740,1714,1203,2291,1515,1169.0,323,5314,1915,2077,7895.0,1928
10/01/88,60523.0,1075,460,45,1867,2792,144,303.0,845.0,159,2380,2740,1704,1259,2536,1515,1188.0,373,6336,1949,2033,8023.0,1928
11/01/88,61008.0,1075,460,44,1881,2792,144,303.0,845.0,159,2479,2740,1807,1259,2516,1465,1124.0,373,6532,2047,2057,8023.0,2078
12/01/88,61238.0,1105,460,44,1827,2792,144,303.0,845.0,159,2479,2740,1725,1259,2536,1560,1197.0,373,6655,2047,2047,7942.0,2078
01/01/89,58396.0,1095,451,43,1773,2787,164,302.0,876.0,208,2748,2720,1237,1102,2538,1474,1404.0,389,4918,1647,1829,7937.0,1862
02/01/89,57918.0,1095,451,43,1771,2787,164,272.0,876.0,208,2797,2720,1336,1102,2507,1474,1315.0,408,4673,1566,1779,7788.0,1862
03/01/89,58335.0,1095,451,44,1699,2787,164,272.0,845.0,208,3141,2720,1375,1102,2548,1626,1508.0,330,4515,1590,1824,7575.0,1862
04/01/89,58777.0,1095,446,43,1765,2687,164,272.0,860.0,208,2846,2823,1677,1154,2533,1677,1551.0,321,4914,1618,1723,7772.0,1862
05/01/89,58636.0,1095,446,43,1811,2697,164,243.0,860.0,208,2454,2823,1984,1154,2533,1677,1528.0,398,5022,1618,1567,7816.0,1862
06/01/89,58724.0,1095,456,43,1837,2697,164,272.0,865.0,208,2748,2772,2083,1154,2533,1778,1406.0,408,4825,1875,1377,7624.0,1913
07/01/89,59189.0,1116,446,43,1708,2737,164,272.0,860.0,208,2748,2926,1885,1154,2528,1879,1470.0,389,4923,1823,1767,7444.0,1875
08/01/89,60005.0,1116,456,38,1724,2767,164,292.0,871.0,208,2945,3080,1885,1154,2528,1778,1556.0,389,5022,1861,1854,7544.0,1926
09/01/89,60142.0,1116,466,42,1813,2801,164,292.0,865.0,208,2797,2977,1885,1154,2462,1778,1445.0,389,5219,2046,1965,7548.0,1926
10/01/89,60582.0,1116,471,41,1736,2826,164,292.0,865.0,208,2896,3080,1885,1154,2523,1677,1560.0,389,5317,2141,2061,7453.0,1977
11/01/89,61437.0,1116,456,43,1839,2767,164,282.0,865.0,208,2748,3028,2073,1207,2523,1879,1607.0,369,5701,2236,1980,7536.0,1977
12/01/89,61060.0,1116,461,43,1712,2742,164,282.0,871.0,208,2846,3080,2068,1207,2482,1879,1429.0,384,5696,2283,1890,7337.0,1977
01/01/90,60749.0,1165,458,43,1602,2805,165,280.0,858.0,253,2700,2946,2003,1222,2520,1731,1570.0,390,5537,2052,1918,7546.0,1990
02/01/90,61006.0,1165,473,41,1634,2785,165,280.0,858.0,263,3000,2946,2003,1375,2520,1731,1581.0,401,5636,2027,1818,7497.0,2140
03/01/90,61832.0,1165,473,41,1840,2755,165,280.0,868.0,273,3000,2946,2184,1324,2510,1731,1625.0,422,5765,2052,1943,7433.0,2040
04/01/90,61465.0,1165,473,41,1797,2755,165,280.0,858.0,273,2900,2997,1958,1273,2510,1830,1635.0,422,5888,2097,1923,7407.0,2040
05/01/90,60855.0,1165,473,41,1748,2755,165,280.0,848.0,244,3200,3150,1958,1273,2485,1731,1665.0,385,5394,2107,1893,7328.0,2040
06/01/90,60059.0,1165,478,42,1702,2765,165,280.0,873.0,263,3100,3251,1762,1273,2465,1731,1497.0,385,5398,2047,1838,7106.0,2040
07/01/90,60169.0,1165,478,41,1773,2725,165,280.0,878.0,263,3050,3454,1858,1273,2485,1731,1452.0,390,5394,2047,1750,7173.0,2040
08/01/90,56545.0,1165,478,42,1777,2760,165,300.0,878.0,263,3300,1016,100,1426,2535,1830,1427.0,422,5789,1648,1630,7287.0,2090
09/01/90,59067.0,1195,488,42,1766,2820,165,290.0,888.0,273,3300,508,100,1426,2626,1880,1621.0,422,7660,2197,1760,7224.0,2290
10/01/90,59437.0,1215,473,43,1856,2785,165,290.0,888.0,287,3000,457,75,1579,2646,1929,1839.0,422,7729,2307,1865,7542.0,2275
11/01/90,60271.0,1215,478,42,1812,2810,165,290.0,888.0,292,3200,432,75,1528,2666,1929,1883.0,422,8224,2372,1827,7387.0,2320
12/01/90,60522.0,1215,473,42,1819,2770,165,290.0,888.0,292,3300,432,75,1528,2666,1929,1764.0,390,8481,2447,1677,7338.0,2340
01/01/91,60336.0,1170,493,40,1775,2822,156,298.0,882.0,313,3179,256,51,1500,2664,1906,1875.0,366,8075,2448,1675,7500.0,2396
02/01/91,60020.0,1170,503,38,1857,2832,156,303.0,880.0,313,3278,0,0,1500,2678,1906,1873.0,407,8134,2472,1904,7637.0,2396
03/01/91,60252.0,1170,503,41,1766,2827,156,303.0,885.0,287,3378,0,0,1450,2673,1906,1857.0,407,7936,2496,2068,7546.0,2396
04/01/91,58954.0,1170,503,39,1605,2832,156,303.0,876.0,287,3278,205,0,1450,2659,1906,1846.0,407,7341,2496,1526,7509.0,2346
05/01/91,58757.0,1170,503,40,1732,2832,156,282.0,871.0,287,3278,358,0,1450,2699,1906,1930.0,407,7341,2301,1396,7409.0,2346
06/01/91,58978.0,1170,503,35,1763,2842,156,282.0,871.0,287,3278,358,76,1450,2724,1858,1757.0,407,8085,2301,1525,7320.0,2346
07/01/91,59931.0,1170,493,36,1776,2842,156,303.0,871.0,287,3378,410,167,1450,2694,1858,1772.0,407,8407,2301,1805,7347.0,2346
08/01/91,59177.0,1170,493,36,1830,2842,156,303.0,871.0,287,3378,410,198,1450,2664,1906,1400.0,407,8397,2301,1827,7316.0,2346
09/01/91,60127.0,1170,493,37,1761,2837,156,303.0,871.0,287,3278,410,304,1500,2679,1906,2113.0,407,8332,2292,1896,7368.0,2346
10/01/91,60174.0,1170,503,36,1709,2837,156,303.0,871.0,298,3278,410,436,1500,2684,1809,1920.0,407,8382,2379,1990,7437.0,2396
11/01/91,60401.0,1170,503,38,1890,2842,156,303.0,871.0,298,3278,410,507,1550,2664,1906,2029.0,386,8372,2443,1975,7328.0,2396
12/01/91,60818.0,1170,503,38,1844,2837,156,303.0,871.0,298,3477,410,527,1550,2679,1930,2088.0,324,8571,2409,1979,7299.0,2446
01/01/92,59751.576,745,520,41,1594,2833,165,310.0,869.0,300,3450,420,462,1550,2650,1860,2181.0,330,8575,2428,1949,7360.576,2368
02/01/92,59615.598,750,520,41,1619,2865,165,310.0,869.0,265,3475,420,480,1550,2665,1806,2035.0,340,8525,2411,1936,7388.598,2388
03/01/92,58495.335,740,520,41,1625,2834,165,310.0,869.0,280,3380,450,599,1430,2681,1780,2138.0,360,8060,2265,1753,7348.335,2158
04/01/92,58332.507,745,530,41,1553,2854,175,315.0,869.0,290,3125,435,717,1430,2678,1831,2195.0,375,7975,2280,1831,7292.507,2178
05/01/92,58119.599,745,530,41,1508,2836,175,317.0,869.0,290,3300,400,771,1430,2659,1845,1932.0,400,8070,2264,1709,7168.599,2348
06/01/92,58019.311,745,535,41,1571,2829,175,315.0,869.0,295,3180,400,794,1460,2679,1858,2103.0,400,8125,2244,1532,7167.311,2398
07/01/92,58512.1,735,540,41,1638,2826,180,325.0,893.0,295,3300,410,870,1490,2682,1912,2135.0,425,8050,2229,1813,7131.1,2308
08/01/92,58524.788,740,540,41,1670,2814,180,320.0,893.0,295,3500,410,961,1440,2686,1939,2036.0,420,8200,2278,1864,6921.788,2273
09/01/92,59067.119,745,545,41,1594,2860,180,325.0,893.0,300,3575,425,1041,1500,2687,1947,2064.0,430,8250,2252,1865,7030.119,2398
10/01/92,59481.751,750,545,41,1602,2875,185,325.0,893.0,300,3650,450,1170,1500,2654,1914,2209.0,460,8300,2262,1957,7125.751,2403
11/01/92,59258.128,750,550,41,1645,2845,185,325.0,893.0,295,3600,450,1273,1500,2638,1931,2242.0,460,8225,2274,1949,7024.128,2433
12/01/92,59375.215,750,550,41,1556,2787,185,325.0,893.0,295,3625,450,1409,1500,2654,1962,2289.0,440,8250,2275,1956,7103.215,2358
01/01/93,59086.007,754,500,41,1568,2884,185,328.0,910.0,295,3700,450,1599,1450,2604,1919,2016.0,440,8300,2239,1827,6961.007,2360
02/01/93,59658.592,754,510,41,1582,2873,185,328.0,910.0,300,3775,450,1831,1450,2611,1954,2136.0,440,8200,2255,1948,6942.592,2370
03/01/93,58493.128,744,525,41,1626,2885,185,328.0,910.0,297,3630,450,1500,1350,2635,1918,2336.0,400,7925,2198,1704,6974.128,2260
04/01/93,58271.308,739,525,41,1611,2896,185,328.0,910.0,295,3550,450,1500,1350,2674,1815,2354.0,410,7925,2178,1695,6881.308,2260
05/01/93,58231.92,734,520,41,1597,2927,185,348.0,910.0,295,3600,450,1500,1350,2673,1862,2277.0,420,7900,2159,1747,6846.92,2260
06/01/93,57926.726,734,475,41,1723,2957,185,340.0,910.0,295,3650,450,1570,1350,2675,1804,1998.0,430,7900,2150,1672,6794.726,2260
07/01/93,58453.367,739,453,41,1699,2930,190,336.0,910.0,295,3750,450,1720,1360,2649,1867,2364.0,430,7930,2147,1960,6688.367,2275
08/01/93,58191.807,734,470,41,1766,2856,190,340.0,910.0,290,3600,450,1780,1360,2650,1865,2244.0,430,7900,2133,1978,6757.807,2275
09/01/93,58650.565,729,490,41,1738,2883,190,340.0,910.0,290,3750,530,1860,1350,2700,1965,2174.0,430,7900,2127,1984,6711.565,2275
10/01/93,59241.807,729,520,41,1731,2975,195,345.0,905.0,290,3620,530,1830,1360,2731,1892,2468.0,415,7870,2149,2212,6838.807,2360
11/01/93,59528.632,749,530,41,1682,2945,195,345.0,880.0,310,3570,535,1820,1385,2730,2013,2512.0,405,7900,2130,2263,6911.632,2365
12/01/93,59386.583,744,530,41,1694,2932,195,345.0,880.0,300,3600,540,1800,1350,2745,2043,2463.0,400,7875,2131,2333,6857.583,2345
01/01/94,60983.784,740,496,180,1685,3088,176,365.0,909.0,316,3650,520,1810,1350,2724,2086,2486.749,400,7880,2541,2429,6816.779,2350
02/01/94,60293.444,740,489,180,1720,2945,176,365.0,909.0,316,3650,510,1800,1300,2707,2066,2545.402,395,7882,2551,2375,6770.326,2400
03/01/94,60176.54,750,489,180,1738,2861,176,365.0,909.0,316,3650,510,1800,1350,2687,1964,2512.514,400,7872,2543,2415,6745.622,2400
04/01/94,59953.023,750,479,180,1677,2836,176,375.0,909.0,331,3500,510,1835,1390,2699,1913,2454.157,405,7916,2568,2476,6612.102,2400
05/01/94,60124.032,750,479,180,1715,2845,176,380.0,909.0,346,3550,510,1825,1385,2688,1947,2565.379,410,7896,2552,2417,6688.193,2420
06/01/94,60548.355,740,479,180,1748,2847,176,382.0,909.0,346,3600,510,1825,1390,2673,1938,2667.148,420,7896,2553,2466,6610.59,2420
07/01/94,60429.972,735,494,180,1805,2883,176,382.0,909.0,346,3550,530,1850,1400,2672,1840,2591.377,440,7900,2568,2394,6500.879,2440
08/01/94,59594.196,750,489,180,1804,2859,176,385.0,909.0,356,3600,530,1850,1390,2676,1460,2041.252,400,7880,2488,2446,6544.152,2475
09/01/94,60638.024,750,489,180,1820,2783,176,385.0,909.0,356,3650,530,1850,1370,2667,1855,2551.921,420,7900,2521,2571,6608.804,2490
10/01/94,61200.49,750,514,180,1744,2987,176,385.0,909.0,366,3610,550,1860,1385,2684,1975,2778.449,360,7910,2508,2537,6657.985,2505
11/01/94,61236.392,750,494,180,1780,3036,176,375.0,909.0,371,3630,550,1860,1390,2673,1892,2767.981,400,7920,2509,2670,6628.332,2510
12/01/94,61725.536,750,509,180,1793,3088,176,370.0,909.0,366,3650,550,1850,1395,2673,1880,2788.558,405,7930,2523,2744,6759.693,2505
01/01/95,61262.299,750,553,182,1800,2961,183,381.0,910.0,364,3625,550,1850,1400,2680,1903,2659.738,420,7900,2518,2621,6682.18,2569
02/01/95,61715.787,750,573,182,1773,2990,183,381.0,910.0,364,3700,550,1830,1420,2647,1884,2628.621,440,7950,2504,2701,6794.452,2633
03/01/95,61191.26,750,608,182,1750,3003,183,381.0,910.0,359,3550,550,1810,1420,2670,1792,2664.418,450,7950,2502,2678,6600.412,2697
04/01/95,61615.743,750,657,182,1812,2963,183,381.0,910.0,369,3615,550,1820,1400,2668,1952,2753.697,445,7850,2517,2683,6603.716,2715
05/01/95,61138.536,740,657,182,1766,2932,183,381.0,910.0,364,3690,550,1840,1410,2681,1981,2710.541,450,7900,2486,2386,6629.316,2733
06/01/95,60726.011,750,657,182,1845,2991,183,381.0,910.0,374,3650,550,1850,1380,2699,1858,2483.331,450,7900,2511,1951,6578.628,2751
07/01/95,61750.147,750,656,182,1850,2991,178,381.0,910.0,374,3600,550,1865,1400,2706,1897,2783.364,450,8050,2483,2498,6448.772,2789
08/01/95,61697.484,765,656,182,1842,3011,178,381.0,910.0,374,3700,550,1835,1405,2708,1935,2537.231,455,8015,2505,2482,6446.652,2808
09/01/95,61961.527,775,661,182,1847,3047,178,381.0,910.0,364,3650,550,1820,1430,2739,1943,2756.031,450,7955,2465,2635,6416.133,2827
10/01/95,61460.513,785,660,182,1861,3074,178,381.0,910.0,364,3660,550,1825,1400,1899,1974,3016.55,440,7955,2477,2743,6421.125,2830
11/01/95,62199.158,795,665,182,1823,3044,178,381.0,910.0,374,3685,550,1840,1400,2556,2015,3005.071,475,7905,2462,2694,6585.309,2833
12/01/95,62126.263,800,665,182,1823,2999,178,381.0,910.0,379,3700,550,1855,1400,2763,2046,3064.71,465,7905,2405,2634,6529.936,2836
01/01/96,62297.337,790,670,183,1801,3129,169,383.0,875.0,371,3740,550,1830,1380,2796,2071,3066.347,465,7900,2515,2587,6495.297,2839
02/01/96,62874.979,800,680,183,1811,3178,169,381.0,875.0,371,3665,550,1840,1375,2844,2099,3150.919,465,7980,2575,2605,6576.798,2858
03/01/96,62598.127,820,680,183,1869,3056,169,388.0,875.0,371,3650,550,1840,1395,2869,2100,2943.991,475,7980,2482,2549,6571.459,2877
04/01/96,62376.832,820,700,183,1738,3044,159,387.0,875.0,371,3700,550,1805,1380,2852,2077,3156.908,480,7980,2424,2498,6443.908,2862
05/01/96,61990.716,805,700,183,1783,3161,159,385.0,875.0,371,3500,550,1775,1400,2874,2135,2948.812,480,7750,2464,2498,6393.798,2902
06/01/96,62531.378,790,695,183,1856,3215,179,385.0,875.0,371,3650,550,1775,1400,2880,2136,3135.657,480,7800,2466,2448,6458.207,2908
07/01/96,62798.923,810,690,183,1842,3174,216,379.0,875.0,371,3715,550,1775,1390,2872,2097,3177.462,480,7950,2456,2494,6337.772,2914
08/01/96,62671.359,830,690,183,1884,3110,236,374.0,875.0,371,3745,550,1830,1395,2830,2190,3016.319,485,7900,2501,2351,6360.071,2952
09/01/96,62917.08,835,690,183,1862,3064,236,370.0,875.0,371,3665,550,1795,1405,2862,2153,3085.433,510,7950,2498,2527,6481.855,2966
10/01/96,63126.309,825,695,183,1940,3178,239,368.0,875.0,371,3650,550,1800,1390,2858,2216,2961.255,505,7900,2559,2645,6480.875,3016
11/01/96,63683.196,845,695,183,1922,3215,239,374.0,875.0,371,3645,550,1805,1400,2859,2248,3167.612,490,7900,2536,2702,6475.602,3067
12/01/96,64237.358,850,707,183,1908,3137,234,384.0,875.0,371,3690,860,1810,1410,2902,2226,3173.707,530,7910,2546,2753,6505.965,3087
01/01/97,64416.168,855,689,187,1886,3228,226,390.0,852.0,381,3705,1080,1840,1425,2939,2264,3177.45,555,8000,2591,2691,6402.12,3038
02/01/97,64686.317,835,689,187,1935,3230,226,391.517,852.0,381,3700,1068,1840,1380,2968,2267,3191.852,560,8000,2602,2652,6514.29,3070
03/01/97,64282.416,850,691,187,1911,3240,226,390.0,852.0,381,3450,1165,1830,1410,2969,2207,3048.714,555,7950,2592,2578,6452.047,3088
04/01/97,65137.158,845,699,187,1799,3260,226,396.0,852.0,381,3755,1270,1820,1420,2947,2290,3333.324,580,7900,2596,2547,6441.294,3127
05/01/97,64463.646,850,701,187,1766,3220,226,404.32,852.0,376,3480,1315,1780,1425,2989,2274,3207.288,605,7985,2409,2249,6474.261,3157
06/01/97,63586.133,840,701,187,1920,3245,226,370.0,852.0,376,3620,550,1815,1430,3007,2290,2983.162,630,7880,2546,2177,6441.72,3187
07/01/97,64386.267,850,713,187,2015,3213,226,388.0,852.0,376,3635,550,1825,1440,3033,2270,3191.258,640,8000,2539,2482,6409.392,3193
08/01/97,65165.777,850,717,187,2020,3213,226,388.0,852.0,376,3655,1456,1805,1430,3080,2273,2890.86,650,8075,2535,2435,6347.386,3215
09/01/97,65381.241,835,723,187,1983,3215,226,389.9,852.0,371,3295,1679,1850,1415,3105,2292,2879.96,660,8155,2542,2498,6485.824,3237
10/01/97,66441.255,865,724,187,2016,3211,216,383.55,852.0,371,3765,1570,1840,1390,3087,2312,3187.51,670,8300,2574,2666,6467.152,3263
11/01/97,66091.806,855,734,187,2045,3186,226,384.0,852.0,371,3494,1335,1870,1430,3085,2342,3193.523,680,8350,2517,2609,6459.282,3290
12/01/97,65952.682,860,735,187,2088,3118,226,382.0,852.0,371,3642,726,1920,1450,3056,2302,3206.721,690,8400,2552,2743,6531.108,3317
01/01/98,66720.296,870,721,189,2000,3266,248,390.045,835.0,362,3593,1190,1950,1400,3085,2231,3269.747,700,8505,2752,2654,6540.526,3339
02/01/98,67271.306,870,721,189,2086,3182,248,375.0,835.0,362,3595,1721,1940,1530,3141,2260,3210.169,705,8440,2734,2631,6475.755,3361
03/01/98,67124.319,865,721,189,2058,3201,248,380.0,835.0,362,3558,1853,1930,1515,3158,2331,3103.675,720,8350,2723,2638,6407.711,3370
04/01/98,66700.234,815,726,189,1999,3157,248,378.307,835.0,362,3851,2010,1815,1560,3141,2183,3176.732,665,8150,2591,2641,6482.75,3200
05/01/98,66090.568,820,726,189,1976,3240,243,375.841,835.0,356,3633,2265,1805,1450,3149,2199,2911.888,685,8200,2554,2466,6346.905,3170
06/01/98,66044.061,820,726,189,2077,3294,237,377.421,835.0,356,3827,1862,1810,1430,3050,2195,3054.772,675,8150,2590,2463,6267.266,3170
07/01/98,65714.398,790,726,189,2027,3228,237,324.389,835.0,356,3607,2315,1760,1470,3122,2133,3093.42,650,7950,2515,2505,6194.381,3020
08/01/98,64522.965,800,726,189,2021,3209,237,379.4,835.0,356,3408,2430,1776,1520,3055,1901,2385.351,640,7850,2376,2534,6202.641,2950
09/01/98,64361.764,790,736,189,2048,3238,232,383.3,835.0,352,3713,2430,1712,1410,2906,2006,2840.161,610,7650,2429,2630,5789.212,2925
10/01/98,64884.338,790,740,189,2051,3178,228,387.7,835.0,352,3534,2430,1735,1535,2792,1847,2903.688,590,8025,2421,2661,6142.566,2950
11/01/98,65776.125,810,740,189,1984,3273,228,380.149,835.0,352,3633,2450,1750,1415,3147,2056,3000.688,640,7850,2421,2677,6139.929,2995
12/01/98,65955.504,820,740,189,1984,3225,228,370.737,835.0,352,3621,2362,1760,1445,3107,2047,3011.461,630,8000,2454,2863,6043.449,3000
01/01/99,65684.486,830,762,182,1890,3228,242,370.824,816.0,327,3693,2405,1874,1495,3144,1955,2993.971,650,7850,2436,2705,5963.356,2970
02/01/99,65635.407,810,762,182,1893,3222,243,389.0,816.0,327,3939,2542,1702,1345,3020,1972,2963.104,640,7860,2444,2749,5965.517,2925
03/01/99,65284.966,820,762,182,1839,3218,245,347.287,816.0,327,3818,2495,1664,1395,3053,2012,2971.038,730,7895,2376,2768,5882.633,2885
04/01/99,64122.607,720,752,182,1838,3207,247,360.0,816.0,327,3483,2640,1762,1395,2893,1932,2920.238,625,7450,2285,2781,5887.203,2750
05/01/99,63370.008,740,752,182,1891,3189,244,375.0,816.0,317,3427,2495,1702,1235,2926,2037,2888.871,610,7250,2245,2570,5874.91,2740
06/01/99,63261.942,730,752,182,1938,3214,251,375.0,816.0,317,3490,2403,1585,1460,2801,1984,2736.426,575,7350,2281,2506,5760.265,2730
07/01/99,63854.99,740,742,182,1967,3147,258,370.0,816.0,317,3340,2760,1580,1200,2920,1885,3087.57,605,7450,2255,2678,5797.999,2725
08/01/99,63988.56,740,742,182,1944,3299,264,375.0,816.0,317,3210,2796,1580,1515,2848,1839,2823.814,625,7400,2262,2711,5780.231,2730
09/01/99,63780.779,735,742,182,1891,3141,262,375.0,816.0,307,3220,2860,1590,1360,2861,1882,2866.765,620,7400,2255,2687,5803.771,2730
10/01/99,64414.462,730,732,182,1911,3161,269,381.305,816.0,312,3480,2817,1600,1370,2766,1945,3059.946,630,7400,2246,2760,5947.115,2730
11/01/99,64830.285,730,732,182,2024,3239,272,374.048,816.0,312,3530,2374,1600,1390,2852,1944,3291.099,635,7400,2237,2825,5960.356,2730
12/01/99,64168.171,760,742,182,2015,3176,274,381.869,816.0,312,3370,1671,1600,1381,2793,1965,3410.09,630,7550,2257,2690,5958.573,2780
01/01/00,64344.8691,800,718,187,1997,3282,262,401.265,720.065,293,3390,2199,1600,1272,3032,1926,3237.98,640,7475,2066,2747,5784.3871,2790
02/01/00,65061.06259,760,723,187,2004,3294,262,387.458,712.759,290,3490,2611,1630,1389,2897,1977,3332.251,650,7525,2116,2664,5851.82759,2800
03/01/00,65239.83255,735,739,187,1925,3288,261,382.832,710.452,286,3810,2181,1590,1410,2998,1961,3270.676,670,7550,2219,2673,5918.19355,2800
04/01/00,65741.43967,780,746,187,2000,3287,259,373.0,711.7,285,3590,2646,1670,1415,3041,2009,3048.144,680,7725,2354,2548,5854.16667,2850
05/01/00,66136.50413,795,756,187,2046,3259,258,379.0,704.516,280,3650,3053,1755,1410,3040,1994,3142.539,690,7875,2201,2281,5846.51613,2875
06/01/00,65785.10167,810,748,187,2055,3215,257,326.0,696.667,275,3640,2563,1750,1415,3056,2017,3001.603,680,7950,2168,2471,5822.86667,2875
07/01/00,66503.74184,815,738,187,2016,3236,256,420.6,686.452,275,3720,2521,1810,1425,2876,2071,3411.379,690,8050,2230,2488,5739.35484,2900
08/01/00,67041.54994,825,744,187,1984,3221,254,434.5,677.194,271,3540,2991,1865,1430,3162,2045,3037.155,690,8350,2233,2366,5788.74194,2920
09/01/00,66982.02,810,754,187,2026,3282,253,441.3,671.033,266,3900,2850,1875,1425,3173,2008,3026.698,685,8100,2230,2292,5757.7,2930
10/01/00,67735.98426,835,759,187,1990,3241,252,436.0,663.871,267,3810,2998,1875,1440,2861,2133,3250.936,710,8350,2340,2310,5809.03226,2950
11/01/00,68591.51567,850,758,187,2044,3236,251,433.0,660.01,262,3800,2896,1875,1450,2965,2166,3340.787,735,8600,2338,2438,5832.66667,3000
12/01/00,67112.56477,850,761,187,2057,3268,250,397.0,656.774,258,3870,1319,1875,1455,3043,2156,3374.157,730,8400,2358,2487,5855.09677,3030
01/01/01,67456.87048,870,746,182,2043,3174,234,440.0,700.0,271,4050,1731,1875,1450,3087,2177,3352.25,749,8300,2449,2331,5798.93548,3080
02/01/01,66863.35914,870,749,182,2073,3319,234,429.0,689.5,267,3890,2127,1790,1380,3136,2146,3185.914,709,7900,2454,2319,5780.10714,2910
03/01/01,67396.32058,870,731,182,2094,3367,234,446.0,686.0,268,3820,2669,1790,1385,3151,2126,3206.781,709,7890,2341,2314,5880.32258,2910
04/01/01,66699.46033,870,715,182,2000,3293,235,443.0,683.1,264,3750,2927,1690,1380,3008,2062,3293.832,689,7620,2250,2330,5862.63333,2810
05/01/01,65893.83635,870,742,182,2055,3301,235,440.0,627.4,265,3650,2856,1730,1360,3031,2000,3022.938,699,7680,1999,2264,5829.41935,2780
06/01/01,64304.337,870,705,182,1995,3303,235,417.0,658.3,261,3750,883,1710,1390,3140,1980,3025.715,709,7750,2219,2099,5765.8,2810
07/01/01,66619.91216,870,713,182,2026,3253,236,427.0,661.0,262,3840,2133,1720,1390,3185,1958,3358.778,709,8091,2126,2251,5748.64516,2820
08/01/01,66732.25235,870,701,182,2054,3294,236,430.807,665.19,258,3750,2793,1720,1400,3175,2067,3011.251,699,7823,2098,2198,5725.41935,2818
09/01/01,66054.384,870,710,182,1977,3279,236,423.557,668.67,260,3620,2545,1650,1340,3177,2134,3194.939,659,7600,2015,2187,5709.0,2692
10/01/01,66016.13577,860,754,182,2066,3304,237,422.328,664.23,256,3450,2818,1640,1310,2993,2170,3363.465,619,7450,1997,2357,5746.09677,2682
11/01/01,65888.75467,860,785,182,2113,3307,237,422.646,670.33,257,3380,2770,1630,1290,3168,2077,3220.19,609,6980,1996,2357,5881.36667,2692
12/01/01,65969.58161,860,820,182,2123,3263,238,415.649,671.968,254,3400,1999,1670,1300,3274,2094,3333.45,609,7280,1997,2490,5887.45161,2682
01/01/02,65553.67035,920,911,185,2099,3324,233,393.095,661.806,271,3424,2257,1585,1270,3253,2017,3187.8,574,6900,2140,2443,5873.419355,2557
02/01/02,65691.05957,940,952,185,2184,3288,232,378.809,664.571,269,3365,2457,1530,1270,3142,1867,3256.385,574,7200,2000,2351,5880.928571,2496
03/01/02,65101.14345,960,938,185,2157,3308,231,386.573,660.194,266,3295,2426,1550,1300,3125,1888,2901.022,569,7105,1953,2282,5885.806452,2408
04/01/02,64239.04533,980,938,185,2237,3292,230,395.147,666.0,263,3333,1223,1560,1290,3178,1919,3280.406,599,7140,1864,2349,5844.433333,2135
05/01/02,65035.73652,980,929,185,2138,3327,229,396.736,702.55,260,3325,1756,1610,1310,3136,1950,3182.876,609,7300,1943,2319,5905.064516,2202
06/01/02,65078.906,980,893,185,2140,3374,228,398.209,671.0,258,3257,1643,1625,1320,3158,1930,3031.062,693,7250,1982,2324,5884.4,2205
07/01/02,65967.93045,980,872,185,2234,3356,227,398.132,664.06,255,3560,1827,1650,1330,3145,1973,3257.816,634,7400,1970,2036,5750.806452,2658
08/01/02,65700.74245,990,912,185,2207,3447,226,392.329,660.19,252,3350,1543,1625,1340,3214,1991,3034.907,654,7450,1994,1936,5795.806452,2790
09/01/02,65742.813,990,886,185,2163,3389,225,402.523,660.4,250,3494,1884,1600,1340,3162,2013,2805.856,684,7600,2011,2208,5411.2,2516
10/01/02,67130.05681,990,896,185,2287,3403,224,389.263,661.16,247,3290,2445,1630,1340,3257,1959,3146.002,704,7750,1989,2310,5358.225806,2701
11/01/02,67339.77133,995,817,185,2302,3341,223,387.521,665.0,244,3526,2380,1600,1340,3080,2009,3215.674,704,7700,1992,2306,5623.533333,2745
12/01/02,66663.53042,1000,819,185,2287,3327,222,383.6,665.903,242,3521,2319,1640,1340,3269,2064,3131.863,724,7750,2025,2440,5721.677419,1811
01/01/03,69345.818,1380,822,189,2311,3323,213,393.178,696.35,270,3581,2492,1984,1385,3330,2298,3111.06,875,8825,2425,2254,5755.0,1362
02/01/03,70667.015,1405,824,189,2251,3365,212,384.721,694.79,270,3892,2485,2000,1415,3324,2274,3202.023,885,9160,2540,2306,5783.0,1604
03/01/03,70704.776,1530,851,189,2265,3374,211,387.738,694.484,270,3701,1430,2202,1450,3317,2084,3208.719,875,9606,2515,2252,5803.0,2239
04/01/03,69354.52,1460,901,189,2259,3391,210,384.796,693.667,272,3668,160,2305,1460,3282,1908,3084.492,855,9690,2505,2129,5726.0,2576
05/01/03,69169.601,1480,915,189,2339,3378,209,330.567,694.419,272,3507,280,2245,1460,3320,2130,3005.331,855,9486,2545,2017,5663.0,2668
06/01/03,68983.813,1510,864,189,2468,3400,208,365.753,687.0,273,4102,440,2080,1440,3396,2137,2722.384,825,8890,2525,1971,5659.0,2591
07/01/03,69435.615,1510,886,189,2571,3331,207,401.111,676.677,264,3965,695,2080,1440,3400,2200,3024.624,825,8965,2500,2044,5498.0,2312
08/01/03,69893.245,1530,881,189,2491,3335,206,423.434,673.45,276,4010,1105,2130,1440,3426,2230,2872.593,835,8915,2545,1859,5574.0,2464
09/01/03,69853.647,1530,858,189,2463,3317,206,484.812,682.0,277,3850,1410,2200,1460,3417,2235,2824.601,835,8766,2400,1924,5609.0,2330
10/01/03,71135.661,1560,873,189,2487,3347,205,494.069,679.581,278,4030,1580,2240,1470,3398,2318,3005.524,845,8890,2435,2080,5614.0,2529
11/01/03,71547.06,1560,924,189,2505,3336,204,496.751,677.0,279,4125,1920,2290,1470,3380,2338,3135.693,845,8791,2400,2013,5547.0,2377
12/01/03,72136.433,1560,945,189,2583,3384,203,499.078,677.645,281,3925,1970,2295,1480,3455,2378,3164.465,855,8836,2555,2075,5571.0,2544
01/01/04,71671.928,1547,943,188,2489,3409,223,507.5,647.871,282,4079,2043,2250,1490,3417,2415,3109.593,897,8432,2517,2026,5585.0,2379
02/01/04,71616.39,1547,936,188,2565,3462,222,522.8,650.897,281,3979,1893,2250,1500,3360,2390,3150.159,897,8516,2555,1902,5572.0,2516
03/01/04,72142.732,1547,919,188,2522,3381,221,490.5,634.323,280,4089,2378,2250,1505,3368,2400,3055.796,902,8382,2490,2031,5617.0,2655
04/01/04,71737.695,1552,926,188,2467,3424,220,533.0,624.0,277,4159,2343,2280,1515,3439,2350,3041.265,917,8168,2319,1972,5560.0,2534
05/01/04,72166.495,1552,929,188,2535,3458,215,529.1,635.0,276,3954,1958,2300,1535,3394,2345,3006.911,932,9090,2470,1804,5556.0,2591
06/01/04,73591.559,1552,916,188,2553,3495,219,537.7,638.367,274,4129,1583,2350,1565,3436,2375,3042.634,942,9760,2650,1931,5407.0,2832
07/01/04,73916.642,1557,925,188,2504,3483,217,532.183,638.548,272,4024,1888,2350,1605,3363,2455,3048.606,952,9886,2655,1883,5484.0,2653
08/01/04,72905.11,1582,962,188,2511,3532,215,531.397,640.129,271,4034,1643,2370,1615,3354,2405,2606.571,957,9912,2685,1657,5325.0,2529
09/01/04,73342.663,1602,1080,188,2489,3560,215,526.606,648.667,269,3984,2248,2400,1615,3431,2405,2709.515,962,9764,2690,1572,5081.0,2495
10/01/04,74049.505,1637,1097,188,2456,3460,214,529.202,647.968,267,4017,2218,2450,1645,3451,2435,2947.251,967,9840,2670,1702,5170.0,2553
11/01/04,74096.572,1637,1108,188,2524,3523,213,534.37,643.0,266,4162,1788,2440,1645,3364,2420,2925.032,967,9992,2655,1871,5423.0,2432
12/01/04,73736.139,1637,1110,188,2406,3505,213,538.445,615.33,264,4147,1948,2440,1645,3222,2320,2725.027,967,9722,2755,1895,5510.0,2596
01/01/05,73197.742,1622,1112,187,2386,3588,231,533.091,623.484,270,4129,1788,2340,1635,3351,2344,2710.569,947,9323,2655,1779,5446.0,2825
02/01/05,73998.369,1637,1121,187,2364,3588,230,536.264,623.0,270,4094,1798,2450,1655,3349,2454,2800.075,937,9747,2520,1776,5501.0,2990
03/01/05,73959.974,1637,1137,187,2263,3558,229,528.857,624.452,270,3944,1798,2400,1655,3252,2464,2859.098,917,9630,2705,1804,5601.0,2829
04/01/05,74505.991,1637,1123,187,2364,3572,233,522.468,619.0,270,4069,1853,2420,1670,3409,2473,2855.059,927,9681,2680,1770,5563.0,2993
05/01/05,74752.059,1642,1146,187,2430,3595,233,525.75,615.742,270,4189,1823,2410,1685,3441,2473,2787.207,927,9858,2635,1750,5596.0,2940
06/01/05,74143.189,1642,1127,187,2384,3630,232,541.543,614.25,270,4184,1858,2390,1685,3425,2508,2388.905,947,9858,2495,1646,5442.0,2890
07/01/05,74216.962,1642,1198,187,2393,3624,246,550.107,615.984,270,4069,1958,2390,1695,3082,2481,2703.739,912,9927,2725,1627,5253.0,2896
08/01/05,74312.312,1662,1376,187,2449,3643,245,478.202,611.145,270,4034,1923,2390,1695,3414,2456,2633.631,952,9927,2805,1345,5198.0,2946
09/01/05,73028.623,1662,1339,187,2356,3600,245,541.728,616.75,270,3884,2013,2410,1695,3367,2401,2658.123,1002,9871,2860,1520,4214.0,2482
10/01/05,73691.379,1662,1338,187,2574,3625,249,534.61,623.0,270,4104,1743,2500,1695,3221,2494,2569.276,1012,9926,2820,1644,4555.0,2642
11/01/05,74375.594,1662,1408,187,2695,3598,248,535.435,622.75,270,4039,1703,2480,1695,3311,2544,2637.527,1012,9904,2830,1548,4857.0,2726
12/01/05,74495.252,1682,1393,187,2756,3504,247,555.523,602.194,270,4079,1543,2500,1695,3388,2534,2677.588,1012,9705,2930,1626,4988.0,2921
01/01/06,74145.415,1643,1397,183,2667,3641,275,553.334,622.968,242,3877,1503,2520,1705,3372,2430,2648.298,1019,9987,2800,1704,5047.742,2980
02/01/06,74618.98,1663,1389,183,2564,3611,274,550.356,626.554,242,4097,1838,2516,1725,3311,2350,2612.91,1022,10037,2885,1652,5031.929,2787
03/01/06,74742.219,1663,1416,183,2452,3650,273,528.555,593.452,242,4187,1808,2510,1735,3350,2155,2601.826,1017,9947,2910,1603,5027.161,2942
04/01/06,74011.71,1673,1407,183,2596,3624,272,546.296,633.25,242,3857,1998,2510,1755,3370,2167,2402.198,1022,9651,2925,1590,5081.667,2748
05/01/06,73676.743,1668,1259,183,2397,3649,272,547.105,625.145,242,3907,1918,2510,1755,3329,2277,2526.539,1017,9426,2855,1503,5150.548,2850
06/01/06,74094.518,1643,1259,183,2380,3674,271,532.583,621.5,242,4248,2068,2510,1755,3287,2387,2366.313,1027,9776,2885,1395,5162.8,2566
07/01/06,75091.576,1648,1431,183,2572,3654,270,542.877,620.307,242,4387,2063,2470,1785,3232,2391,2565.753,1032,9726,2925,1457,5094.161,2799
08/01/06,74116.975,1648,1420,183,2615,3609,270,544.406,606.032,242,4296,2003,2480,1785,3252,2401,2422.944,1037,9676,2905,1205,5039.742,2731
09/01/06,74048.543,1648,1409,183,2628,3598,269,533.242,611.5,242,4177,2053,2500,1815,3258,2316,2331.362,1042,9570,2895,1357,5030.867,2756
10/01/06,74216.318,1658,1339,183,2738,3599,268,522.989,606.516,242,4057,1938,2510,1815,3173,2365,2379.517,1017,9491,2930,1484,5108.161,2757
11/01/06,74093.127,1658,1413,183,2767,3618,268,511.958,594.0,242,4187,1843,2490,1795,3163,2330,2459.71,1022,9326,2790,1507,5064.2,2810
12/01/06,73667.922,1658,1431,183,2774,3541,267,518.982,599.258,242,4117,1773,2470,1795,2978,2335,2502.083,1027,9126,2855,1470,5186.065,2686
01/01/07,73967.377,1645,1565,184,2642,3736,246,517.48,622.307,246,4207,1698,2460,1765,3143,2336,2425.65,1058,9133,2835,1516,5107.806,2687
02/01/07,74427.572,1625,1595,184,2704,3687,245,499.53,627.75,246,4017,1978,2420,1755,3148,2339,2446.698,1048,9033,2795,1657,5117.893,2881
03/01/07,74226.811,1635,1620,184,2796,3633,244,482.218,634.403,246,4347,2003,2420,1755,3182,2168,2384.695,1028,8978,2825,1568,5119.258,2790
04/01/07,74264.972,1645,1650,184,2707,3696,243,499.976,623.75,246,4240,2103,2390,1755,3182,2173,2422.012,1038,9033,2805,1574,5180.233,2718
05/01/07,73867.61,1665,1660,184,2655,3728,204,512.214,628.113,246,4167,2003,2340,1755,3110,1991,2175.146,1048,9133,2795,1582,5211.226,2860
06/01/07,73627.997,1675,1610,184,2548,3772,189,512.039,626.25,246,4207,1928,2340,1765,3206,2089,1914.975,1048,9053,2835,1497,5075.133,2849
07/01/07,74422.538,1680,1615,184,2681,3591,188,510.0,629.081,246,4197,2188,2440,1765,3166,2206,2321.385,1068,9183,2830,1485,5037.903,2900
08/01/07,73493.174,1680,1705,184,2894,3694,207,510.0,625.936,246,4157,1988,2450,1765,2843,2236,2130.544,1098,8933,2835,1229,4969.677,2904
09/01/07,73855.256,1680,1690,184,2766,3664,211,510.0,625.75,246,4192,2178,2470,1780,3137,2310,2184.595,1068,9283,2805,1390,4902.033,2806
10/01/07,75066.649,1680,1770,184,2768,3671,221,505.0,624.968,246,4337,2303,2490,1785,2983,2255,2266.787,1088,9483,2790,1555,5021.935,2863
11/01/07,74528.258,1690,1775,184,2746,3674,225,490.0,630.25,246,4292,2398,2530,1815,2888,2201,2281.185,1098,9488,2415,1454,5034.033,2733
12/01/07,74940.932,1710,1755,184,2528,3640,229,500.0,642.629,246,4167,2298,2550,1815,2931,2191,2228.113,1098,9533,2755,1510,5110.548,2849
01/01/08,74728.643,1705,1962,183,2534,3744,210,520.322,629.0,250,4000,2203,2550,1857,2976,2230,2209.0,1170,9200,2850,1456,5115.032,2510
02/01/08,74823.678,1705,1967,183,2545,3747,220,518.713,624.0,250,4000,2353,2600,1857,2957,2100,2176.0,1190,9200,2850,1491,5148.172,2510
03/01/08,75045.509,1705,1973,183,2631,3769,220,507.951,616.0,228,4000,2353,2600,1857,2887,2330,2209.0,1190,9200,2850,1450,5189.29,2510
04/01/08,74486.134,1705,1979,183,2516,3751,220,510.277,616.0,250,4000,2353,2600,1836,2805,2130,2111.0,1200,9100,2850,1491,5180.1,2510
05/01/08,74790.717,1705,1985,183,2439,3811,220,498.939,622.0,250,4000,2453,2600,1812,2839,2060,2247.0,1200,9400,2850,1485,5143.129,2510
06/01/08,74812.019,1705,1983,183,2471,3884,225,494.813,634.0,250,4000,2453,2607,1812,2881,2140,2002.0,1200,9450,2850,1363,5137.767,2510
07/01/08,75569.424,1705,1979,183,2650,3808,233,498.324,645.0,250,4100,2505,2614,1787,2827,2120,2302.0,1220,9700,2850,1307,5176.806,2510
08/01/08,74482.225,1705,1907,183,2682,3774,241,503.18,649.0,250,4100,2456,2622,1712,2806,2216,2057.0,1220,9600,2850,1099,5002.968,2510
09/01/08,73486.298,1705,1841,183,2562,3788,250,498.497,645.0,250,4100,2328,2629,1812,2768,2210,2057.0,1220,9400,2850,1392,3973.6,2510
10/01/08,74476.433,1705,1960,183,2600,3850,248,496.874,644.0,250,4100,2328,2629,1812,2804,2185,2241.0,1190,9400,2800,1352,4737.677,2510
11/01/08,74319.854,1705,1960,183,2683,3859,257,501.662,633.0,250,4100,2359,2486,1767,2756,2180,2276.0,1150,8959,2700,1396,5078.1,2510
12/01/08,73550.516,1705,1910,183,2633,3699,255,507.642,643.0,250,4100,2360,2493,1717,2764,2080,2287.0,1150,8518,2700,1423,5102.677,2510
01/01/09,72485.235,1600,1885,182,2592,3755,264,503.512,651.0,249,4007,2212,2350,1705,2729,2192,2195.0,1083,8113,2560,1425,5144.097,2520
02/01/09,72875.503,1600,1810,182,2684,3733,263,498.175,666.0,248,3963,2313,2350,1705,2707,2162,2260.0,1083,8068,2560,1449,5239.214,2520
03/01/09,72709.632,1600,1810,182,2579,3726,261,497.23,661.0,246,3970,2365,2350,1705,2697,2060,2238.0,1083,8072,2560,1451,5218.581,2520
04/01/09,72994.151,1600,1810,182,2459,3794,260,495.387,666.0,245,4030,2366,2350,1705,2688,2217,2072.0,1148,8077,2560,1468,5278.133,2520
05/01/09,72595.179,1600,1810,182,2436,3775,258,486.246,652.0,244,4044,2418,2350,1705,2655,2212,1890.0,1148,8081,2560,1390,5376.903,2520
06/01/09,72726.703,1600,1810,182,2559,3824,257,491.485,642.0,243,4050,2419,2350,1705,2563,2059,1850.0,1128,8335,2560,1359,5269.3,2520
07/01/09,73687.155,1570,1860,182,2667,3812,255,483.182,650.0,241,4053,2470,2350,1705,2605,2051,2147.0,1188,8540,2560,1342,5397.935,2520
08/01/09,73145.54,1570,1920,182,2575,3853,264,476.641,648.0,240,4056,2472,2350,1705,2587,2193,1970.0,1188,8440,2560,993,5417.581,2520
09/01/09,73584.571,1570,1920,182,2528,3837,272,475.213,651.0,239,4060,2473,2350,1705,2643,2240,1923.0,1188,8340,2560,1119,5558.833,2520
10/01/09,74041.585,1570,1960,182,2594,3844,279,474.778,641.0,238,4063,2425,2350,1705,2645,2290,2077.0,1208,8340,2560,1266,5524.452,2520
11/01/09,74165.539,1570,1960,182,2725,3812,287,476.944,629.0,238,4067,2375,2350,1705,2597,2370,2123.0,1208,8340,2560,1372,5394.6,2520
12/01/09,73862.078,1570,1960,182,2564,3783,294,469.753,629.0,235,4076,2375,2350,1705,2639,2450,2073.0,1208,8240,2560,1310,5451.742,2520
01/01/10,74045.54595,1540,2010,180,2484,3971,302,463.655,630.0,245,4088,2475,2250,1710,2660,2404,2061.0,1262,8350,2570,1379,5404.161,2410
02/01/10,74360.29495,1540,2030,182,2614,3940,294,470.089,628.0,245,4100,2475,2250,1710,2655,2430,2038.0,1262,8400,2570,1274,5553.429,2410
03/01/10,74606.75395,1540,2040,180,2625,3973,338,478.291,619.0,245,4112,2375,2250,1710,2641,2399,1983.0,1262,8390,2570,1429,5515.355,2410
04/01/10,74359.84395,1540,2040,180,2704,3953,375,479.782,598.0,220,4120,2375,2250,1710,2639,2298,1967.0,1212,8440,2570,1378,5392.3,2410
05/01/10,74339.71395,1540,2000,179,2763,4048,437,478.41,614.0,245,4120,2375,2250,1710,2639,2253,1922.0,1212,8350,2570,1297,5400.871,2410
06/01/10,73974.67495,1540,1950,182,2784,4105,419,490.663,630.0,250,4127,2425,2250,1710,2592,2373,1611.0,1202,8420,2570,1076,5379.5,2410
07/01/10,74224.58095,1540,1940,182,2773,4060,377,491.759,647.0,250,4033,2325,2350,1710,2618,2349,1873.0,1357,8420,2570,1055,5297.871,2410
08/01/10,74098.63595,1540,1860,181,2803,4104,329,484.922,653.0,250,4040,2325,2350,1710,2604,2449,1656.0,1357,8430,2570,1070,5447.323,2410
09/01/10,74409.62595,1540,1760,182,2663,4187,329,489.949,667.0,250,4047,2375,2350,1710,2615,2516,1641.0,1357,8420,2570,1194,5615.767,2410
10/01/10,74744.62995,1540,1760,183,2733,4186,287,497.478,654.0,250,4053,2375,2350,1710,2615,2533,1952.0,1357,8410,2570,1195,5630.548,2410
11/01/10,75072.43595,1540,1760,184,2973,4281,291,507.937,645.0,250,4060,2375,2350,1710,2556,2462,1877.0,1357,8460,2570,1248,5575.733,2410
12/01/10,75163.46695,1540,1760,186,2963,4126,299,499.333,650.0,250,4068,2525,2350,1710,2620,2433,1870.0,1357,8510,2570,1207,5607.452,2410
01/01/11,75925.41366,1540,1760,187,2833,4238,324,500.247,647.0,246,4076,2625,2350,1670,2636,2547,1892.0,1396,8918,2690,1316,5494.613,2500
02/01/11,75489.33866,1540,1760,187,2783,4188,308,508.898,635.0,246,4084,2525,2350,1360,2606,2508,1911.0,1396,9338,2690,1085,5403.536,2500
03/01/11,74441.36866,1540,1760,187,2854,4160,260,500.99,640.0,246,4092,2525,2450,320,2624,2387,1817.0,1391,9138,2790,1073,5615.452,2500
04/01/11,74286.66666,1540,1710,186,2854,4127,265,503.682,628.0,205,4100,2525,2550,220,2624,2408,1856.0,1416,9138,2890,1164,5557.7,2500
05/01/11,73656.32966,1540,1610,188,2562,4106,274,497.326,637.0,247,4100,2575,2550,220,2608,2536,1612.0,1416,9138,2890,1017,5622.903,2500
06/01/11,74445.66866,1540,1660,189,2670,4017,281,494.878,630.0,247,4100,2575,2550,120,2595,2539,1671.0,1416,9838,2890,1018,5587.967,2500
07/01/11,74840.03766,1540,1710,193,2913,3956,300,491.52,631.0,240,4050,2625,2550,120,2584,2557,1779.0,1391,10038,2890,946,5440.258,2500
08/01/11,75301.61166,1540,1760,192,3073,4027,288,495.473,643.0,236,4050,2625,2600,20,2601,2563,1715.0,1391,10138,2890,767,5664.581,2500
09/01/11,74681.63066,1540,1810,193,2993,3947,314,495.824,648.0,246,4050,2725,2600,120,2537,2529,1625.0,1391,9938,2890,890,5614.433,2500
10/01/11,75258.02566,1540,1760,194,3062,3891,285,501.522,631.0,246,4000,2725,2600,320,2601,2348,1737.0,1407,9738,2890,998,5901.065,2500
11/01/11,76238.92466,1540,1910,193,3043,3978,319,504.118,641.0,246,4000,2725,2600,570,2577,2440,1765.0,1407,10038,2890,1039,6035.233,2500
12/01/11,76595.46966,1540,1860,192,3155,3999,239,500.601,638.0,245,3950,2725,2600,820,2604,2327,1745.0,1407,10038,2890,1010,6047.548,2500
01/01/12,76765.30451,1550,1860,171,3108,4022,260,503.928,651.0,230,3850,2675,2650,1065,2566,2432,1762.0,1485,10004,2910,1021,6171.387,2500
02/01/12,76987.85451,1550,1910,174,3249,3986,222,502.857,649.0,230,3800,2575,2650,1265,2591,2458,1753.0,1495,10204,2910,1034,6266.586,2500
03/01/12,76880.10351,1550,1760,171,3037,4015,298,499.346,648.0,230,3750,2725,2640,1415,2600,2438,1708.0,1495,10194,3010,977,6326.129,2500
04/01/12,77197.09451,1550,1860,172,3155,4060,274,500.374,641.0,230,3600,2965,2640,1465,2590,2595,1736.0,1495,10094,3010,975,6324.2,2500
05/01/12,76499.23051,1550,1810,170,3035,4021,295,497.839,639.0,230,3525,2925,2640,1465,2591,2530,1707.0,1495,9894,3010,899,6368.161,2500
06/01/12,76295.14451,1544,1760,173,3014,3963,273,501.697,635.0,230,3350,2975,2630,1465,2588,2527,1575.0,1475,10184,3010,950,6269.4,2500
07/01/12,76549.35851,1546,1710,170,3114,3968,276,507.962,636.0,230,3200,3075,2625,1465,2571,2533,1572.0,1495,10179,3010,946,6424.419,2500
08/01/12,76528.93751,1548,1810,174,3064,4071,237,512.013,631.0,230,3134,3175,2625,1515,2600,2556,1572.0,1495,10179,3010,792,6349.097,2500
09/01/12,75955.27851,1550,1710,172,3011,4170,237,506.447,641.0,230,3173,3275,2610,1565,2602,2426,1310.0,1495,9964,3010,601,6595.8,2500
10/01/12,76567.77951,1482,1760,171,3173,4246,240,502.865,639.0,230,3018,3075,2610,1565,2584,2293,1561.0,1475,9964,3010,682,6966.0,2500
11/01/12,77102.62651,1483,1740,172,3271,4188,255,504.315,651.0,230,3150,3225,2650,1515,2622,2269,1517.0,1475,9704,3010,864,7076.667,2500
12/01/12,76985.27951,1485,1760,172,3427,4177,244,503.365,639.0,230,3110,3125,2650,1415,2606,2428,1565.0,1445,9404,3010,923,7098.742,2500
01/01/13,76420.51077,1470,1812,194,3329,4168,242,505.335,635.0,220,3088,3076,2700,1410,2602,2362,1550.0,1470,9320,2938,825,7082.742,2500
02/01/13,76207.39777,1470,1762,193,3259,4122,251,505.861,630.0,220,3115,3076,2700,1460,2595,2266,1512.0,1470,9320,2938,823,7151.25,2500
03/01/13,76413.89977,1470,1862,201,3429,4158,254,504.235,632.0,220,3139,3076,2700,1410,2555,2358,1507.0,1470,9320,2938,812,7205.871,2500
04/01/13,76839.28977,1470,1827,196,3237,4149,261,515.727,642.0,220,3124,3176,2700,1510,2557,2346,1567.0,1455,9620,2938,830,7371.633,2500
05/01/13,76704.25677,1470,1862,198,3026,4173,233,521.508,646.0,220,3064,3076,2700,1480,2548,2251,1583.0,1455,9820,2938,861,7325.613,2500
06/01/13,76758.40477,1470,1842,199,3146,4255,232,524.041,651.0,220,3105,3101,2700,1190,2559,2210,1390.0,1455,10020,2938,781,7276.5,2500
07/01/13,77273.81877,1470,1762,198,3306,4040,217,530.288,647.0,220,3130,3101,2700,1060,2522,2338,1642.0,1455,10220,2938,792,7524.323,2500
08/01/13,77028.30377,1470,1742,199,3471,4082,251,536.655,647.0,220,3097,3276,2700,650,2554,2344,1547.0,1455,10420,2938,630,7532.032,2500
09/01/13,76558.15277,1470,1782,202,3352,4136,237,535.119,654.0,220,3065,2826,2700,420,2563,2366,1375.0,1455,10320,2938,744,7837.233,2500
10/01/13,76837.96077,1470,1772,201,3335,4222,232,539.886,659.0,220,3127,2976,2700,610,2580,2320,1483.0,1455,10020,2938,732,7757.645,2500
11/01/13,77139.80177,1370,1792,200,3468,4232,221,544.998,645.0,220,3136,2976,2700,280,2553,2220,1611.0,1450,10020,2938,833,7916.833,2500
12/01/13,77565.43477,1470,1812,197,3534,4228,240,548.234,650.0,220,3169,2926,2700,290,2557,2300,1617.0,1460,10020,2938,955,7928.29,2500
01/01/14,77787.97741,1420,1663,202,3568,4182,228,550.138,647.0,220,3270,3127,2650,569,2545,2420,1629.0,1440,10110,2936,825,8072.742,2500
02/01/14,78277.62641,1420,1733,202,3578,4215,220,550.794,640.0,220,3260,3427,2650,439,2541,2370,1611.0,1450,10060,2936,929,8152.143,2500
03/01/14,77633.84941,1420,1673,204,3685,4167,188,556.615,640.0,220,3230,3327,2600,309,2511,2320,1597.0,1430,9860,3036,909,8292.774,2500
04/01/14,77428.63841,1420,1743,202,3556,4142,203,560.195,632.0,220,3230,3302,2600,269,2518,2325,1613.0,1420,9860,2836,820,8521.267,2500
05/01/14,77600.92241,1420,1683,202,3467,4189,195,554.282,642.0,220,3230,3327,2700,289,2530,2334,1358.0,1420,9860,3036,869,8643.677,2500
06/01/14,77903.58141,1420,1663,202,3548,4272,241,555.274,637.0,220,3150,3327,2650,294,2476,2370,1459.0,1445,9860,3086,752,8746.233,2500
07/01/14,78157.91041,1420,1713,203,3589,4091,263,558.31,644.0,220,3150,3197,2700,494,2427,2291,1588.0,1445,10010,3086,705,8845.903,2500
08/01/14,78491.31941,1420,1813,203,3547,4129,275,558.334,636.0,220,3200,3227,2750,589,2455,2341,1546.0,1450,9910,3116,468,8919.548,2500
09/01/14,79227.60741,1420,1823,203,3595,4202,264,550.859,645.0,220,3250,3517,2750,844,2430,2296,1517.0,1400,9810,3016,748,9081.7,2500
10/01/14,80212.03941,1420,1848,201,3727,4252,248,557.185,650.0,220,3300,3467,2750,1009,2402,2384,1615.0,1400,9910,2976,790,9263.355,2500
11/01/14,79975.46341,1420,1813,203,3714,4319,244,562.817,671.0,220,3300,3427,2750,674,2401,2325,1600.0,1400,9810,3006,798,9322.067,2500
12/01/14,80847.80941,1420,1733,201,3780,4344,229,561.075,657.0,220,3300,3777,2750,569,2392,2390,1616.0,1390,9810,3046,846,9566.194,2500
01/01/15,80106.36219,1429,1820,200,3885,4232,257,557.723,670.0,215,3266,3478,2805,430,2290,2294,1579.0,1375,9807,3090,872,9388.452,2495
02/01/15,79989.99919,1429,1770,199,3906,4218,266,553.126,679.0,215,3274,3328,2805,420,2370,2269,1589.0,1375,9907,3100,812,9509.714,2494
03/01/15,80924.85519,1429,1720,200,3775,4256,276,552.724,693.0,215,3252,3728,2805,535,2356,2152,1586.0,1385,10307,3110,867,9585.484,2493
04/01/15,80528.06819,1429,1790,200,3463,4258,237,547.893,685.0,205,3344,3775,2825,565,2235,2165,1614.0,1355,10307,3140,925,9661.4,2492
05/01/15,80467.90419,1429,1770,203,3212,4271,226,543.192,676.0,205,3322,3925,2835,490,2263,2139,1555.0,1345,10507,3150,1016,9481.226,2491
06/01/15,80919.99519,1429,1820,207,3457,4408,233,541.044,688.0,215,3273,4275,2835,470,2283,2025,1596.0,1365,10657,3160,870,9361.633,2490
07/01/15,81433.07719,1429,1850,203,3821,4263,261,537.797,692.0,215,3305,4325,2865,460,2308,2122,1611.0,1315,10567,3160,839,9447.161,2489
08/01/15,81173.50019,1429,1870,201,3922,4278,264,537.132,696.0,215,3210,4225,2905,420,2291,2088,1599.0,1345,10457,3170,788,9415.71,2488
09/01/15,81062.49319,1429,1800,202,3422,4317,232,538.975,684.0,215,3254,4425,2905,435,2306,2225,1581.0,1355,10457,3170,862,9490.767,2487
10/01/15,81016.83419,1429,1770,203,3582,4259,202,537.985,681.0,215,3278,4275,2855,475,2314,2198,1685.0,1345,10407,3180,912,9406.226,2486
11/01/15,81689.18119,1429,1820,203,3819,4297,200,537.001,674.0,215,3351,4425,2905,435,2310,2226,1644.0,1385,10307,3170,972,9337.0,2485
12/01/15,81868.19119,1429,1820,204,3866,4275,210,533.276,670.0,215,3389,4425,2955,430,2308,2159,1682.0,1335,10307,3190,979,9281.355,2484
01/01/16,81795.41,1350,1798,207,3877,4166,218,533.0,667.0,210,3652,4475,3000,430,2294,2159,1657.0,1345,10414,3245,1003,9202.548,2383
02/01/16,81043.412,1350,1793,205,3797,4150,214,538.0,660.0,210,3792,4225,2955,420,2247,2120,1675.0,1375,10414,3025,1014,9065.241,2382
03/01/16,80928.202,1350,1798,207,3767,4091,198,550.0,659.0,210,4093,4225,2970,380,2249,1993,1632.0,1375,10414,3050,987,9088.516,2381
04/01/16,80148.383,1350,1793,206,3429,4039,188,555.0,664.0,210,4173,4475,2735,390,2210,2010,1666.0,1365,10414,3060,989,8870.867,2380
05/01/16,79355.897,1350,1818,204,2811,3977,195,556.0,662.0,210,4162,4355,2945,345,2207,1673,1608.0,1365,10514,3240,991,8833.806,2279
06/01/16,80068.621,1330,1823,206,3112,4038,203,550.0,662.0,210,4150,4405,2945,390,2213,1811,1480.0,1365,10714,3270,897,8670.967,2258
07/01/16,80827.959,1350,1829,213,3657,3941,217,545.0,654.0,210,4224,4415,2985,370,2192,1764,1762.0,1375,10844,3290,980,8664.065,2197
08/01/16,80255.518,1350,1833,214,3855,3878,212,549.0,649.0,210,4226,4460,2995,310,2179,1694,1603.0,1355,10814,3320,841,8685.548,2186
09/01/16,80623.222,1350,1768,218,3849,3892,188,559.0,643.0,210,4210,4480,2995,370,2146,1726,1430.0,1315,10774,3350,826,8544.2,2175
10/01/16,81783.142,1350,1618,213,3893,3784,176,552.0,641.0,200,4312,4565,2995,610,2135,1854,1766.0,1335,10764,3330,760,8841.0,2164
11/01/16,82777.842,1350,1698,184,4135,3918,168,544.0,632.0,220,4356,4645,3005,640,2105,1984,1785.0,1355,10814,3360,948,8906.033,2153
12/01/16,82225.155,1350,1668,143,3968,3937,197,544.0,624.0,220,4450,4685,3005,680,2067,1684,1706.0,1335,10714,3360,961,8845.871,2122
01/01/17,81235.58562,1316,1657,207,4095,3759,191,536.0,626.0,200,4435,4565,2885,740,2054,1849,1652.240968,1311,10196,3205,973,8873.581,2076
02/01/17,81112.80289,1316,1687,204,4135,3798,198,535.0,620.0,185,4435,4445,2825,750,2051,1869,1692.683929,1291,10216,3185,948,9108.107,2065
03/01/17,80615.03118,1316,1627,206,3913,3818,161,531.0,611.0,190,4445,4430,2815,650,2052,1730,1744.764839,1311,10166,3165,947,9192.419,2064
04/01/17,80106.24112,1306,1697,208,3580,3777,172,528.0,617.0,210,4455,4425,2815,595,2045,1780,1737.717333,1321,10196,3145,918,9114.8,2053
05/01/17,80899.53695,1306,1657,208,3705,3899,201,533.0,624.0,200,4455,4475,2815,840,2053,1900,1635.805806,1331,10266,3165,933,9207.71,2052
06/01/17,81150.37641,1306,1687,207,3805,3780,258,540.0,628.0,200,4465,4490,2825,910,2042,1945,1576.483667,1321,10466,3185,940,9134.5,2031
07/01/17,81621.67824,1306,1667,209,4005,3715,279,541.0,626.0,210,4465,4500,2815,1065,2019,2022,1652.849677,1311,10416,3185,915,9265.774,2030
08/01/17,81191.80731,1306,1687,208,4172,3734,270,536.0,631.0,200,4465,4525,2815,950,1961,2027,1584.268387,1301,10356,3185,832,9263.935,2024
09/01/17,81329.54977,1306,1667,211,3966,3734,274,529.0,640.0,200,4475,4565,2835,985,1761,2038,1473.327667,1281,10406,3185,887,9533.6,2008
10/01/17,81546.23028,1256,1692,208,3930,3775,299,526.0,634.0,200,4455,4415,2845,1020,1933,2021,1575.543548,1311,10376,3175,948,9668.032,1957
11/01/17,82005.84346,1276,1597,209,4258,3719,311,521.0,632.0,190,4445,4345,2815,1050,1896,2065,1519.664,1301,10326,3145,982,10087.9,1916
12/01/17,81647.41312,1306,1637,120,4320,3754,322,520.0,633.0,200,4435,4405,2805,980,1903,2098,1567.021613,1311,10276,3165,743,9992.871,1700
01/01/18,82130.02054,1282,1624,143,4161,3707,322,512.9394571,632.0,200,4520,4455,2815,1080,1948,2060,1650.617742,1321,10378,3181,1025,9998.323,1695
02/01/18,82365.68177,1272,1614,162,4312,3767,332,512.6893226,636.0,200,4515,4495,2815,1055,1912,2030,1597.435357,1281,10318,3141,1010,10260.786,1655
03/01/18,82280.71884,1232,1584,209,4341,3752,371,511.2542662,638.0,200,4495,4505,2825,1050,1882,2000,1549.166129,1301,10268,3121,953,10488.581,1615
04/01/18,82012.63896,1232,1579,210,4035,3737,370,516.598648,642.0,190,4525,4465,2815,1070,1903,1980,1544.195,1301,10278,3131,1081,10496.367,1585
05/01/18,81929.12487,1262,1584,210,4246,3829,365,515.6367414,645.0,200,4505,4515,2815,1055,1886,1800,1348.494839,1311,10338,3111,995,10456.742,1555
06/01/18,82094.94523,1282,1554,207,4234,3687,342,517.096454,636.0,200,4480,4599,2825,815,1865,1730,1516.938333,1321,10638,3151,955,10604.9,1495
07/01/18,82809.96926,1292,1564,209,4358,3720,332,523.3410502,634.0,180,4422,4629,2905,720,1859,1780,1556.673548,1321,10698,3181,1007,10903.452,1460
08/01/18,83221.61993,1282,1574,206,4574,3649,347,530.0,643.0,200,4220,4700,2905,1055,1836,1850,1534.76,1311,10638,3221,929,11383.516,1415
09/01/18,83367.7756,1242,1594,204,4221,3743,342,518.499985,641.0,200,4100,4725,2905,1145,1843,1950,1335.367,1291,10738,3221,904,11463.367,1381
10/01/18,84235.11244,1242,1564,206,4497,3733,337,513.4909439,636.0,200,4095,4755,2905,1145,1784,1910,1511.223226,1311,10938,3271,1045,11553.968,1351
11/01/18,84592.8407,1242,1604,202,4564,3797,307,514.972829,639.0,180,3395,4795,2905,1195,1717,1900,1524.905667,1311,11218,3411,1041,11907.1,1331
12/01/18,84126.28433,1242,1584,195,4564,3765,317,519.4531431,644.0,200,3295,4825,2905,945,1730,1930,1534.962903,1316,10718,3451,1089,12003.742,1301
01/01/19,82450.74393,1190,1581,190,4279,3733,326,523.8828637,639.0,210,3285,4825,2855,905,1644,1844,1487.077742,1256,10252,3435,1060,11865.0,1271
02/01/19,82423.17026,1280,1471,205,4310,3848,341,533.3598454,632.0,200,3285,4805,2855,935,1724,1874,1419.293571,1236,10302,3495,1133,11678.821,1141
03/01/19,82136.15954,1290,1481,162,4375,3776,331,530.1465523,623.0,200,3260,4645,2825,1165,1713,1904,1419.308065,1256,10052,3456,1104,11937.29,905
04/01/19,82052.46207,1280,1441,203,4459,3775,341,528.952455,631.0,180,3160,4725,2825,1245,1698,1974,1398.896,1226,10052,3474,1036,12134.7,885
05/01/19,81615.24306,1270,1461,194,4284,3871,331,531.8632071,626.0,210,2960,4725,2825,1235,1681,1874,1291.073226,1226,10102,3461,1046,12163.194,805
06/01/19,81577.0694,1240,1421,200,4431,3788,331,530.8899316,625.0,210,2870,4725,2825,1175,1692,1994,1089.008667,1226,10202,3493,997,12087.533,855
07/01/19,81176.35899,1260,1401,197,4417,3764,321,541.3512161,619.0,200,2770,4725,2805,1200,1702,1964,1388.669677,1226,9952,3447,981,11819.097,855
08/01/19,82261.0179,1250,1441,201,4424,3759,336,550.236443,613.0,210,2770,4775,2805,1160,1716,2044,1395.568387,1225,10052,3504,878,12424.774,805
09/01/19,80592.94731,1260,1391,205,4291,3747,341,546.9076042,629.0,200,2770,4675,2805,1255,1739,1994,1332.431667,1225,8702,3481,1057,12495.2,705
10/01/19,82475.27851,1260,1371,206,4392,3773,330,467.2971576,603.0,210,2765,4775,2805,1245,1690,1974,1514.672581,1225,10052,3533,983,12672.548,690
11/01/19,83307.81558,1270,1311,206,4555,3735,320,546.358853,618.0,180,2665,4675,2805,1265,1733,1964,1716.960333,1225,10102,3586,1056,12859.767,740
12/01/19,83467.04924,1260,1441,199,4670,3880,310,542.0,615.0,210,2665,4575,2815,1225,1742,1944,1784.128065,1225,9952,3483,1029,12802.097,890
01/01/20,82803.69133,1240,1358,145,4527,3818,308,534.6649916,612.0,185,2555,4575,2817,830,1761,1989,1683.082258,1261,10044,3532,1076,12754.806,890
02/01/20,81990.56953,1240,1308,201,4593,3858,292,536.5721466,612.0,200,2605,4675,2817,190,1766,1959,1790.047241,1251,9944,3508,1055,12745.586,840
03/01/20,82113.76655,1260,1408,208,4533,3820,282,540.6505213,595.0,200,2555,4525,3012,140,1783,1939,1735.43129,1258,9994,3814,957,12737.065,670
04/01/20,82429.04569,1260,1328,214,3932,3834,292,209.903749,599.0,190,2530,4525,3119,125,1779,1889,1789.714667,1284,11794,4128,1065,12009.967,620
05/01/20,71311.75683,1060,1288,145,3677,3911,282,335.16722,595.0,180,2530,4242,2305,120,1694,1809,1774.997419,1281,8744,2825,961,10018.774,545
06/01/20,70047.5799,1025,1228,158,3906,3835,303,514.5100787,602.0,180,2505,3772,2195,120,1674,1659,1559.92,1279,7894,2675,1004,10442.133,400
07/01/20,71519.90894,1020,1158,153,3890,3881,283,521.4092932,589.0,150,2455,3722,2265,145,1665,1646,1764.852258,1281,8594,2784,937,10972.645,380
08/01/20,72597.79682,1070,1188,154,3862,3878,272,515.4671035,585.0,150,2455,3713,2400,130,1707,1696,1751.054839,1279,9094,3036,794,10583.839,380
09/01/20,72447.36495,1070,1248,165,3964,3825,282,511.584563,572.0,150,2455,3733,2400,170,1716,1702,1502.471333,1279,9204,2838,817,10870.467,360
10/01/20,73023.01314,1080,1138,170,4161,3846,262,508.2847339,562.0,170,2455,3873,2400,490,1698,1744,1628.704194,1279,9204,2761,879,10438.742,400
11/01/20,74819.66393,1080,1158,170,4490,3793,278,510.6518723,560.0,165,2505,3843,2410,1130,1705,1678,1745.265333,1278,9204,2855,873,11121.033,420
12/01/20,75559.61052,1070,1108,170,4643,3952,262,511.7632787,559.0,165,2555,3883,2410,1290,1728,1591,1827.752258,1283,9204,2925,996,11063.097,430
01/01/21,75925.73124,1080,1107,170,4597,3897,272,508.5849784,560.0,160,2610,3885,2440,1228,1727,1463,1814.969355,1287,9294,2955,948,11155.578,530
02/01/21,73998.138,1100,1097,170,4402,3981,271,501.9282879,556.0,160,2760,3975,2440,1268,1746,1595,1804.780714,1292,8394,2955,886,9930.583,570
03/01/21,75881.8995,1100,1137,170,4476,3949,291,502.4808023,562.0,150,2860,4025,2440,1288,1777,1580,1787.577419,1292,8344,2955,947,11375.774,560
04/01/21,75385.19463,1100,1117,170,4121,3967,276,499.2506493,572.0,170,3010,4025,2440,1218,1771,1530,1728.492,1286,8344,2980,726,11355.34,520
05/01/21,75885.08349,1110,1077,172,4193,4012,261,498.3663016,571.0,170,3010,4025,2470,1248,1779,1566,1674.763226,1286,8676,3010,760,11425.009,565
06/01/21,76394.76186,1125,1067,174,4442,3929,271,493.823647,567.0,180,3060,3975,2493,1258,1794,1532,1680.897667,1291,9141,3060,634,11400.919,580
07/01/21,77670.93587,1140,1117,177,4499,3965,261,492.868841,557.0,180,3060,4025,2530,1268,1795,1559,1765.866774,1290,9650,3090,768,11420.494,570
08/01/21,77262.07788,1150,1077,179,4428,3965,261,484.8537938,552.0,180,3010,4100,2560,1258,1752,1386,1825.114516,1290,9752,3149,818,11317.954,560
09/01/21,77662.57287,1160,1147,181,4350,4041,251,485.0252883,555.0,190,3010,4150,2580,1238,1807,1533,1789.714667,1289,9854,3174,814,10960.716,560
10/01/21,78996.80407,1170,1097,168,4634,3961,261,481.2311729,558.0,180,3010,4225,2610,1238,1798,1492,1829.375484,1289,10006,3218,834,11640.148,630
11/01/21,79888.744,1180,1127,185,4664,3968,251,484.9286497,559.0,190,3010,4275,2650,1218,1804,1546,1744.426667,1289,10109,3243,767,11870.915,710
12/01/21,79418.88551,1190,1177,184,4457,3877,261,246.3491919,562.1284345,190,3010,4325,2666,1128,1807,1497,1861.434194,1288,10111,3298,803,11759.573,780
01/01/22,79574.95285,1180,1126,161,4347,4184,273,455.989699,555.0,180,3095,4275,2696,1058,1828,1489,1746.996774,1288,10211,3358,829,11450.569,710
02/01/22,80836.85356,1180,1186,181,4562,4092,283,478.3675057,555.0,190,3145,4375,2726,1208,1812,1522,1790.628214,1248,10461,3548,852,11465.124,730
03/01/22,80762.412,1190,1156,198,4583,4170,263,494.7298526,558.0,190,3195,4325,2756,1158,1834,1414,1752.880968,1267,10211,3528,808,11888.378,755
04/01/22,79984.40914,1200,1206,190,4467,4139,273,497.0843617,556.0,200,3195,4425,2776,988,1821,1400,1674.398,1292,10511,3648,800,11829.58,780
05/01/22,79482.67422,1210,1166,167,4305,4136,283,494.9456745,590.0,180,3095,4425,2813,808,1836,1246,1647.168387,1292,10461,3712,765,11757.607,750
06/01/22,79732.95985,1220,1206,202,4388,4182,293,408.7282963,590.0,190,3095,4475,2841,728,1845,1268,1352.559667,1291,10561,3787,717,11919.069,730
07/01/22,80643.50844,1220,1146,202,4591,4029,273,482.6820029,564.0,200,3095,4575,2893,678,1850,1216,1663.806452,1291,10811,3712,804,12008.948,650
08/01/22,81617.41832,1230,1186,200,4626,3988,283,494.3975023,574.0,190,3145,4575,2934,1198,1846,1102,1808.476452,1290,11161,3762,589,12134.452,730
09/01/22,82160.05353,1230,1156,204,4630,4041,293,490.290935,567.0,210,3125,4575,2944,1228,1847,1154,1663.914667,1290,11211,3802,612,12429.211,700
10/01/22,82242.21264,1240,1116,201,4611,4059,273,493.0440619,564.0,220,3145,4605,2924,1238,1854,1188,1774.591613,1290,10711,3872,699,12441.943,750
11/01/22,82570.09818,1220,1076,154,4794,4079,253,489.190894,570.0,210,3155,4505,2824,1188,1860,1248,1776.505667,1289,10711,3792,775,12493.145,700
12/01/22,81952.99246,1220,1116,200,4621,3972,253,490.6618271,568.0,190,3155,4505,2774,1228,1880,1270,1796.708065,1289,10711,3752,697,12201.518,700
01/01/23,82117.75468,1220,1155,137,4551,4167,263,489.5200184,556.0,200,3153,4455,2816,1208,1934,1387,1789.200645,1294,10000,3780,667,12640.105,750
02/01/23,82766.82244,1220,1085,167,4623,4294,283,445.5773889,560.0,190,3213,4455,2796,1238,1929,1450,1798.715357,1293,10200,3780,801,12620.923,700
03/01/23,82724.10159,1210,1025,196,4629,4282,263,446.5580352,561.0,200,3283,4405,2786,1218,1935,1435,1856.970323,1293,10450,3800,751,12867.154,730
04/01/23,82142.25118,1220,1105,188,4328,4209,263,471.8702147,582.0,210,3333,4195,2746,1218,1964,1273,1825.777333,1293,10800,3700,678,12734.163,770
05/01/23,81373.66278,1190,1185,196,4207,4255,253,473.9830252,565.0,210,3403,4225,2688,1170,1969,1473,1794.070323,1292,10100,3670,690,12732.26,790
06/01/23,81974.67354,1160,1155,202,4384,4263,253,473.349477,568.0,200,3433,4235,2691,1228,1962,1463,1825.987,1297,10250,3610,634,12787.033,790
07/01/23,81252.04096,1170,1185,118,4677,4076,263,477.7988494,566.0,210,3503,4305,2673,1208,1919,1343,1853.520968,1301,9370,3600,655,12912.464,820
08/01/23,80789.69955,1150,1125,190,4659,4113,253,480.92799,570.0,200,3663,4385,2664,1238,1943,1413,1814.157742,1306,8900,3510,573,12999.149,790
09/01/23,81750.98801,1160,1125,199,4549,4121,263,482.755764,558.0,200,3723,4375,2704,1238,1942,1503,1694.945333,1306,9400,3520,588,13177.94,765
10/01/23,82104.57296,1170,1185,202,4588,4099,263,482.483979,563.0,200,3773,4395,2644,1228,1919,1523,1793.055806,1305,9250,3580,622,13213.355,765
11/01/23,82919.87197,1170,1155,200,4942,4150,273,490.0681097,563.0,210,3873,4365,2674,1268,1911,1463,1829.341667,1305,9200,3620,668,13315.653,780
12/01/23,83221.07836,1160,1235,165,4990,4173,253,486.0722627,559.0,220,3923,4445,2644,1248,1903,1573,1893.89871,1305,8950,3680,647,13296.98,790
01/01/24,81864.2118,1130,1165,197,4577,4286,253,490.4719787,559.0,210,3888,4425,2566,1098,1882,1502,1849.284754,1309,9170,3740,626,12517.328,800
02/01/24,82556.09823,1120,1205,148,4758,4256,243,485.6770417,552.0,210,3888,4435,2566,1218,1872,1472,1786.958418,1309,9370,3720,601,13128.899,835
03/01/24,82993.52055,1120,1155,158,4825,4326,253,482.9211248,548.0,220,3948,4515,2596,1218,1868,1501,1867.545842,1309,9470,3690,651,13190.309,835
04/01/24,82448.22077,1120,1105,188,4747,4250,263,482.2899483,544.0,210,3928,4505,2616,1258,1836,1420,1859.005097,1308,9470,3680,630,13313.839,850
05/01/24,81747.51123,1110,1115,185,4472,4274,253,484.4947132,541.0,220,3928,4495,2618,1258,1832,1459,1730.891331,1308,9270,3720,630,13256.073,870
06/01/24,81463.68573,1110,1175,178,4653,4250,253,446.756191,545.0,220,3928,4465,2601,1278,1852,1459,1746.844333,1322,8920,3710,517,13251.652,860
07/01/24,81744.44228,1120,1125,177,4784,4215,243,464.5769555,537.0,210,3968,4575,2563,1248,1862,1508,1849.356379,1322,9220,3700,606,13212.24,870
08/01/24,81966.69139,1120,1185,153,4858,4199,253,477.1205129,526.0,210,3998,4495,2564,998,1862,1567,1802.839191,1322,9350,3710,451,13410.51,890
09/01/24,80888.93105,1120,1105,156,4616,4154,243,469.2365537,527.0,210,4068,4345,2574,648,1873,1467,1622.358733,1322,9140,3820,561,13170.586,900
10/01/24,82052.14987,1120,1105,176,4933,4184,243,471.7455387,516.0,220,4018,4295,2574,1148,1840,1476,1804.418387,1322,9220,3840,599,13529.912,910
11/01/24,82267.0549,1115,1125,184,4994,4197,223,474.2871543,526.0,220,4088,4275,2544,1258,1790,1475,1750.926333,1322,9180,3840,588,13395.831,850
12/01/24,82675.16244,1130,1065,186,5096,4216,242,473.5745826,522.0,220,4068,4245,2574,1328,1733,1555,1809.572129,1322,9120,3770,665,13437.274,890
01/01/25,82401.20931,1120,1035,191,5014,4340,242,474.857281,515.0,240,4220,4361,2515,1308,1715,1533,1773.745709,1322,9070,3640,678,13140.373,930
02/01/25,82681.24862,1130,1065,182,4778,4340,242,469.0,508.0,220,4270,4331,2525,1348,1711,1580,1732.874108,1322,9070,3630,660,13239.55,940
03/01/25,83816.88561,1120,1055,182,5045,4500,232,452.0,507.0,240,4170,4411,2545,1318,1697,1598,1777.336894,1322,9320,3640,652,13452.956,950
04/01/25,83275.32224,1125,1045,185,4842,4310,232,472.0,507.0,230,4220,4341,2555,1358,1717,1576,1840.155644,1322,9120,3650,669,13465.611,960
05/01/25,83288.15098,1130,1005,173,4425,4350,222,467.0,507.0,240,4270,4371,2585,1388,1726,1614,1795.48537,1322,9270,3770,644,13446.565,970
06/01/25,84305.47594,1130,905,186,4848,4430,232,467.0,507.0,250,4030,4381,2595,1368,1719,1642,1685.849155,1322,9920,3740,563,13532.946,980
